CustomerID,Gender,Age,Annual Income ($),Spending Score (1-100),Profession,Work Experience,Family Size,Profession_Status
1,Male,19,15000,39,Healthcare,1,4,Valid
2,Male,21,35000,81,Engineer,3,3,Valid
3,Female,20,86000,6,Engineer,1,1,Valid
4,Female,23,59000,77,Lawyer,0,2,Valid
5,Female,31,38000,40,Entertainment,2,6,Valid
6,Female,22,58000,76,Artist,0,2,Valid
7,Female,35,31000,6,Healthcare,1,3,Valid
8,Female,23,84000,94,Healthcare,1,3,Valid
9,Male,64,97000,3,Engineer,0,3,Valid
10,Female,30,98000,72,Artist,1,4,Valid
11,Male,67,7000,14,Engineer,1,3,Valid
12,Female,35,93000,99,Healthcare,4,4,Valid
13,Female,58,80000,15,Executive,0,5,Valid
14,Female,24,91000,77,Lawyer,1,1,Valid
15,Male,37,19000,13,Doctor,0,1,Valid
16,Male,22,51000,79,Healthcare,1,2,Valid
17,Female,35,29000,35,Homemaker,9,5,Valid
18,Male,20,89000,66,Healthcare,1,6,Valid
19,Male,52,20000,29,Entertainment,1,4,Valid
20,Female,35,62000,98,Artist,0,1,Valid
21,Male,35,96000,35,Homemaker,12,1,Valid
22,Male,25,4000,73,Healthcare,3,4,Valid
23,Female,46,42000,5,Artist,13,2,Valid
24,Male,31,71000,73,Artist,5,2,Valid
25,Female,54,67000,14,Executive,1,3,Valid
26,Male,29,52000,82,Artist,1,3,Valid
27,Female,45,68000,32,Healthcare,9,8,Valid
28,Male,35,78000,61,Artist,1,3,Valid
29,Female,40,18000,31,Artist,0,1,Valid
30,Female,23,20000,87,Artist,5,4,Valid
31,Male,60,39000,4,Artist,0,3,Valid
32,Female,21,34000,73,Doctor,1,2,Valid
33,Male,53,59000,4,Healthcare,1,3,Valid
34,Male,18,62000,92,Homemaker,9,7,Valid
35,Female,49,91000,14,Lawyer,1,2,Valid
36,Female,21,95000,81,Healthcare,3,4,Valid
37,Female,42,14000,17,Doctor,5,1,Valid
38,Female,30,62000,73,Healthcare,1,5,Valid
39,Female,36,9000,26,Artist,8,2,Valid
40,Female,20,69000,75,Artist,8,2,Valid
41,Female,65,25000,35,Artist,4,1,Valid
42,Male,24,85000,92,Healthcare,0,2,Valid
43,Male,48,22000,36,Artist,14,3,Valid
44,Female,31,33000,61,Artist,1,2,Valid
45,Female,49,72000,28,Engineer,8,1,Valid
46,Female,24,3000,65,Lawyer,4,2,Valid
47,Female,50,52000,55,Artist,0,4,Valid
48,Female,27,71000,47,Healthcare,12,1,Valid
49,Female,29,78000,42,Healthcare,0,4,Valid
50,Female,31,25000,42,Engineer,1,1,Valid
51,Female,49,88000,52,Artist,1,2,Valid
52,Male,33,97000,60,Artist,1,2,Valid
53,Female,31,74000,54,Artist,1,1,Valid
54,Male,59,68000,60,Entertainment,0,2,Valid
55,Female,50,18000,45,Unknown,1,1,Invalid
56,Male,47,95000,41,Artist,14,2,Valid
57,Female,51,71000,50,Healthcare,9,4,Valid
58,Male,69,8000,46,Doctor,8,2,Valid
59,Female,27,57000,51,Artist,1,3,Valid
60,Male,53,89000,46,Lawyer,1,6,Valid
61,Male,70,84000,56,Artist,0,2,Valid
62,Male,19,50000,55,Artist,9,2,Valid
63,Female,67,50000,52,Lawyer,0,3,Valid
64,Female,54,48000,59,Lawyer,1,2,Valid
65,Male,63,63000,51,Lawyer,7,2,Valid
66,Male,18,9000,59,Entertainment,0,2,Valid
67,Female,43,3000,50,Doctor,0,2,Valid
68,Female,68,82000,48,Artist,8,4,Valid
69,Male,19,81000,59,Artist,0,4,Valid
70,Female,32,97000,47,Homemaker,2,2,Valid
71,Male,70,91000,55,Healthcare,8,2,Valid
72,Female,47,9000,42,Entertainment,8,2,Valid
73,Female,60,44000,49,Artist,0,5,Valid
74,Female,60,10000,56,Healthcare,8,4,Valid
75,Male,59,89000,47,Artist,0,4,Valid
76,Male,26,49000,54,Homemaker,0,3,Valid
77,Female,45,67000,53,Doctor,0,2,Valid
78,Male,40,99000,48,Artist,4,3,Valid
79,Female,23,97000,52,Engineer,2,2,Valid
80,Female,49,98000,42,Unknown,1,1,Invalid
81,Male,57,52000,51,Healthcare,0,4,Valid
82,Male,38,61000,55,Healthcare,6,3,Valid
83,Male,67,120000,41,Artist,8,1,Valid
84,Female,46,34000,44,Entertainment,8,4,Valid
85,Female,21,24000,57,Unknown,1,3,Invalid
86,Male,48,31000,46,Healthcare,7,5,Valid
87,Female,55,11000,58,Artist,0,3,Valid
88,Female,22,55000,55,Artist,5,2,Valid
89,Female,34,76000,60,Entertainment,7,3,Valid
90,Female,50,56000,46,Doctor,0,2,Valid
91,Female,68,46000,55,Entertainment,0,3,Valid
92,Male,18,36000,41,Artist,1,4,Valid
93,Male,48,88000,49,Artist,1,2,Valid
94,Female,40,31000,40,Entertainment,1,2,Valid
95,Female,32,24000,42,Artist,0,1,Valid
96,Male,24,80000,52,Artist,10,1,Valid
97,Female,47,2000,47,Artist,0,1,Valid
98,Female,27,67000,50,Artist,0,2,Valid
99,Male,48,58000,42,Doctor,1,2,Valid
100,Male,20,80000,49,Engineer,3,3,Valid
101,Female,23,65000,41,Artist,0,4,Valid
102,Female,49,4000,48,Executive,1,7,Valid
103,Male,67,98000,59,Artist,0,3,Valid
104,Male,26,52000,55,Executive,0,5,Valid
105,Male,49,86000,56,Healthcare,10,2,Valid
106,Female,21,82000,42,Doctor,1,2,Valid
107,Female,66,43000,50,Homemaker,3,2,Valid
108,Male,54,78000,46,Lawyer,1,1,Valid
109,Male,68,13000,43,Healthcare,6,5,Valid
110,Male,66,13000,48,Healthcare,9,3,Valid
111,Male,65,34000,52,Entertainment,4,4,Valid
112,Female,19,25000,54,Artist,0,1,Valid
113,Female,38,71000,42,Doctor,1,5,Valid
114,Male,19,2000,46,Artist,1,1,Valid
115,Female,18,97000,48,Executive,0,3,Valid
116,Female,19,51000,50,Executive,8,4,Valid
117,Female,63,9000,43,Lawyer,1,1,Valid
118,Female,49,79000,59,Artist,0,2,Valid
119,Female,51,84000,43,Unknown,2,7,Invalid
120,Female,50,87000,57,Artist,1,2,Valid
121,Male,27,36000,56,Executive,0,3,Valid
122,Female,38,50000,40,Executive,1,4,Valid
123,Female,40,97000,58,Engineer,9,4,Valid
124,Male,39,6000,91,Healthcare,1,3,Valid
125,Female,23,12000,29,Entertainment,9,2,Valid
126,Female,31,46000,77,Unknown,1,2,Invalid
127,Male,43,89000,35,Engineer,0,7,Valid
128,Male,40,4000,95,Artist,0,2,Valid
129,Male,59,38000,11,Engineer,0,2,Valid
130,Male,38,64000,75,Entertainment,8,5,Valid
131,Male,47,66000,9,Executive,9,5,Valid
132,Male,39,26000,75,Lawyer,0,2,Valid
133,Female,25,41000,34,Healthcare,6,4,Valid
134,Female,31,45000,71,Artist,5,1,Valid
135,Male,20,89000,5,Engineer,1,2,Valid
136,Female,29,92000,88,Executive,5,5,Valid
137,Female,44,76000,7,Artist,5,2,Valid
138,Male,32,85000,73,Artist,3,4,Valid
139,Male,19,22000,10,Unknown,8,4,Invalid
140,Female,35,15000,72,Artist,4,4,Valid
141,Female,57,32000,5,Engineer,0,2,Valid
142,Male,32,66000,93,Artist,0,5,Valid
143,Female,28,62000,40,Doctor,5,3,Valid
144,Female,32,85000,87,Lawyer,1,2,Valid
145,Male,25,71000,12,Engineer,0,5,Valid
146,Male,28,26000,97,Unknown,8,5,Invalid
147,Male,48,52000,36,Engineer,9,2,Valid
148,Female,32,38000,74,Lawyer,1,1,Valid
149,Female,34,51000,22,Healthcare,7,4,Valid
150,Male,34,90000,90,Artist,6,3,Valid
151,Male,43,30000,17,Lawyer,0,9,Valid
152,Male,39,41000,88,Engineer,0,1,Valid
153,Female,44,17000,20,Engineer,0,2,Valid
154,Female,38,92000,76,Artist,2,2,Valid
155,Female,47,80000,16,Healthcare,0,4,Valid
156,Female,27,10000,89,Unknown,8,4,Invalid
157,Male,37,16000,1,Executive,1,1,Valid
158,Female,30,87000,78,Artist,3,4,Valid
159,Male,34,66000,1,Lawyer,1,2,Valid
160,Female,30,86000,73,Artist,3,3,Valid
161,Female,56,9000,35,Artist,1,1,Valid
162,Female,29,50000,83,Healthcare,1,5,Valid
163,Male,19,35000,5,Executive,0,5,Valid
164,Female,31,58000,93,Healthcare,1,5,Valid
165,Male,50,47000,26,Doctor,0,2,Valid
166,Female,36,54000,75,Artist,5,3,Valid
167,Male,42,79000,20,Homemaker,9,3,Valid
168,Female,33,83000,95,Artist,0,5,Valid
169,Female,36,57000,27,Artist,0,3,Valid
170,Male,32,0,63,Artist,2,2,Valid
171,Male,40,69000,13,Artist,3,5,Valid
172,Male,28,4000,75,Executive,0,2,Valid
173,Male,36,79000,10,Lawyer,0,2,Valid
174,Male,36,99000,92,Artist,5,2,Valid
175,Female,52,20000,13,Lawyer,0,2,Valid
176,Female,30,28000,86,Artist,3,4,Valid
177,Male,58,29000,15,Engineer,11,1,Valid
178,Male,27,45000,69,Healthcare,2,6,Valid
179,Male,59,86000,14,Healthcare,4,3,Valid
180,Male,35,42000,90,Engineer,8,1,Valid
181,Female,37,59000,32,Artist,7,2,Valid
182,Female,32,61000,86,Entertainment,7,5,Valid
183,Male,46,11000,15,Artist,7,1,Valid
184,Female,29,66000,88,Artist,4,4,Valid
185,Female,41,39000,39,Artist,1,1,Valid
186,Male,30,72000,97,Artist,6,2,Valid
187,Female,54,14000,24,Lawyer,1,2,Valid
188,Male,28,44000,68,Doctor,5,3,Valid
189,Female,41,76000,17,Engineer,8,2,Valid
190,Female,36,95000,85,Artist,4,2,Valid
191,Female,34,92000,23,Artist,5,3,Valid
192,Female,32,98000,69,Artist,8,2,Valid
193,Male,33,96000,8,Executive,9,2,Valid
194,Female,38,45000,91,Artist,10,4,Valid
195,Female,47,8000,16,Artist,7,2,Valid
196,Female,35,46000,79,Executive,1,3,Valid
197,Female,45,78000,28,Artist,0,2,Valid
198,Male,32,4000,74,Artist,1,5,Valid
199,Male,32,81000,18,Executive,1,2,Valid
200,Male,30,33000,83,Artist,4,2,Valid
201,Female,21,40000,10,Healthcare,0,3,Valid
202,Male,34,85000,16,Healthcare,9,3,Valid
203,Female,16,60000,0,Engineer,6,8,Valid
204,Female,76,60000,39,Healthcare,4,2,Valid
205,Female,62,63000,59,Entertainment,0,2,Valid
206,Female,63,10000,52,Healthcare,8,3,Valid
207,Female,19,55000,61,Healthcare,0,3,Valid
208,Male,46,93000,12,Artist,2,1,Valid
209,Female,48,15000,7,Doctor,0,2,Valid
210,Female,80,39000,33,Engineer,9,4,Valid
211,Female,1,57000,93,Engineer,1,2,Valid
212,Female,0,22000,92,Artist,2,1,Valid
213,Male,86,12000,70,Unknown,2,4,Invalid
214,Male,49,50000,82,Lawyer,8,1,Valid
215,Male,48,95000,68,Doctor,2,4,Valid
216,Female,46,66000,70,Healthcare,3,3,Valid
217,Male,79,20000,40,Doctor,6,2,Valid
218,Female,83,35000,99,Doctor,8,2,Valid
219,Female,66,71000,34,Executive,9,2,Valid
220,Female,59,76000,61,Unknown,9,1,Invalid
221,Female,39,84000,33,Artist,5,3,Valid
222,Female,95,72000,51,Engineer,4,2,Valid
223,Male,43,33000,55,Artist,4,3,Valid
224,Female,93,93000,37,Healthcare,1,5,Valid
225,Female,40,83000,48,Homemaker,4,1,Valid
226,Female,78,23000,8,Engineer,1,1,Valid
227,Female,25,40000,77,Artist,5,4,Valid
228,Male,76,89000,86,Healthcare,9,4,Valid
229,Male,0,33000,64,Unknown,1,1,Invalid
230,Male,15,94000,30,Healthcare,7,2,Valid
231,Female,6,93000,53,Lawyer,8,2,Valid
232,Male,84,7000,28,Healthcare,0,4,Valid
233,Female,67,18000,88,Lawyer,0,2,Valid
234,Female,78,3000,14,Healthcare,0,4,Valid
235,Female,4,84000,54,Artist,9,1,Valid
236,Female,29,62000,34,Healthcare,0,4,Valid
237,Male,91,9000,96,Healthcare,1,5,Valid
238,Male,95,36000,35,Unknown,0,4,Invalid
239,Male,55,37000,74,Lawyer,1,4,Valid
240,Female,14,50000,11,Artist,1,2,Valid
241,Male,92,83000,16,Executive,1,5,Valid
242,Female,65,79000,17,Artist,0,3,Valid
243,Female,84,40000,14,Healthcare,1,4,Valid
244,Female,77,47000,58,Artist,0,6,Valid
245,Female,53,4000,20,Artist,0,4,Valid
246,Female,28,38000,75,Entertainment,7,2,Valid
247,Male,23,0,96,Doctor,1,3,Valid
248,Female,32,7000,16,Artist,1,2,Valid
249,Female,37,41000,2,Artist,1,2,Valid
250,Female,89,65000,0,Engineer,0,5,Valid
251,Male,80,20000,93,Engineer,1,3,Valid
252,Female,27,44000,65,Doctor,8,1,Valid
253,Female,78,3000,14,Artist,5,4,Valid
254,Female,86,72000,13,Lawyer,7,3,Valid
255,Female,46,27000,32,Engineer,4,4,Valid
256,Male,59,85000,49,Lawyer,4,2,Valid
257,Male,12,38000,18,Executive,10,1,Valid
258,Male,79,73000,96,Homemaker,6,7,Valid
259,Female,79,64000,64,Artist,2,3,Valid
260,Male,26,26000,60,Executive,6,4,Valid
261,Female,63,47000,16,Artist,2,3,Valid
262,Female,52,35000,85,Doctor,2,6,Valid
263,Female,32,31000,24,Lawyer,2,3,Valid
264,Female,64,13000,38,Engineer,3,4,Valid
265,Female,37,79000,10,Homemaker,1,7,Valid
266,Male,7,82000,39,Entertainment,2,2,Valid
267,Female,40,28000,68,Artist,1,1,Valid
268,Female,78,36000,79,Artist,0,3,Valid
269,Female,34,8000,76,Entertainment,6,6,Valid
270,Female,52,88000,39,Artist,1,2,Valid
271,Male,94,91000,36,Entertainment,0,4,Valid
272,Female,1,12000,82,Doctor,0,3,Valid
273,Female,96,1000,76,Entertainment,0,3,Valid
274,Female,18,143000,99,Artist,0,2,Valid
275,Female,37,18000,57,Artist,1,2,Valid
276,Male,78,65000,89,Lawyer,1,2,Valid
277,Male,16,9000,88,Executive,7,4,Valid
278,Male,93,95000,21,Artist,1,1,Valid
279,Female,74,78000,12,Engineer,9,3,Valid
280,Male,68,48000,73,Healthcare,3,3,Valid
281,Female,32,63000,87,Executive,1,4,Valid
282,Female,43,85000,63,Unknown,1,2,Invalid
283,Female,52,43000,58,Artist,1,3,Valid
284,Female,63,74000,20,Artist,1,2,Valid
285,Female,33,67000,11,Healthcare,0,1,Valid
286,Male,86,59000,40,Artist,0,1,Valid
287,Female,85,140000,84,Entertainment,1,1,Valid
288,Female,73,31000,47,Healthcare,1,2,Valid
289,Female,21,5000,91,Unknown,0,1,Invalid
290,Female,93,19000,58,Engineer,1,3,Valid
291,Male,9,27000,62,Entertainment,7,1,Valid
292,Female,10,68000,80,Doctor,6,3,Valid
293,Male,11,38000,66,Artist,8,8,Valid
294,Female,48,50000,36,Engineer,6,4,Valid
295,Female,73,80000,73,Entertainment,2,2,Valid
296,Female,66,69000,43,Executive,9,3,Valid
297,Female,79,31000,91,Engineer,3,3,Valid
298,Male,62,87000,41,Doctor,6,2,Valid
299,Male,17,79000,16,Artist,1,3,Valid
300,Male,32,32000,86,Entertainment,5,2,Valid
301,Male,85,153787,100,Entertainment,3,3,Valid
302,Male,31,95851,16,Healthcare,5,2,Valid
303,Female,31,145015,73,Healthcare,6,3,Valid
304,Female,38,148539,7,Healthcare,5,2,Valid
305,Female,90,117319,21,Lawyer,1,2,Valid
306,Female,65,180243,26,Unknown,6,2,Invalid
307,Female,63,165052,12,Artist,4,2,Valid
308,Female,61,120487,14,Doctor,0,2,Valid
309,Male,26,112766,83,Engineer,8,4,Valid
310,Female,17,156488,65,Engineer,1,4,Valid
311,Male,56,97562,15,Executive,5,6,Valid
312,Female,12,77501,30,Engineer,5,4,Valid
313,Female,24,118302,100,Lawyer,5,1,Valid
314,Female,13,64277,9,Executive,9,4,Valid
315,Male,12,53927,77,Doctor,2,3,Valid
316,Male,72,93921,93,Lawyer,9,2,Valid
317,Female,54,132046,8,Homemaker,4,4,Valid
318,Male,45,183217,91,Artist,7,2,Valid
319,Male,66,182937,44,Unknown,8,1,Invalid
320,Female,27,68272,56,Healthcare,8,4,Valid
321,Male,36,69841,21,Engineer,10,2,Valid
322,Male,5,69078,60,Lawyer,13,1,Valid
323,Female,89,110667,100,Healthcare,2,4,Valid
324,Male,13,95469,94,Doctor,6,1,Valid
325,Female,91,102861,40,Artist,4,1,Valid
326,Male,16,133551,7,Artist,3,1,Valid
327,Female,63,64589,90,Engineer,7,1,Valid
328,Male,52,152755,39,Engineer,4,2,Valid
329,Female,37,92313,58,Healthcare,1,5,Valid
330,Female,78,98922,2,Artist,2,3,Valid
331,Male,24,165846,33,Engineer,0,4,Valid
332,Female,4,93713,62,Engineer,3,4,Valid
333,Male,84,137641,67,Healthcare,0,5,Valid
334,Male,0,173743,96,Artist,0,4,Valid
335,Female,67,116126,58,Entertainment,10,2,Valid
336,Female,32,112246,30,Healthcare,8,3,Valid
337,Female,39,69384,75,Healthcare,1,5,Valid
338,Female,68,76529,62,Healthcare,0,2,Valid
339,Female,7,123804,28,Doctor,14,1,Valid
340,Female,76,68292,55,Artist,8,2,Valid
341,Female,84,173185,99,Artist,3,1,Valid
342,Male,75,142034,82,Entertainment,1,4,Valid
343,Male,22,107941,61,Artist,0,1,Valid
344,Female,90,149840,61,Engineer,1,1,Valid
345,Female,4,148431,99,Healthcare,1,8,Valid
346,Female,78,126599,84,Lawyer,0,3,Valid
347,Female,58,57180,22,Healthcare,9,1,Valid
348,Female,99,184426,41,Artist,9,1,Valid
349,Female,24,151085,39,Unknown,2,5,Invalid
350,Female,88,166107,98,Artist,13,4,Valid
351,Female,92,67850,91,Artist,9,4,Valid
352,Male,99,173394,4,Engineer,13,1,Valid
353,Female,51,72303,98,Lawyer,7,1,Valid
354,Male,23,181760,35,Healthcare,14,3,Valid
355,Female,13,146858,75,Doctor,9,1,Valid
356,Male,22,172923,20,Engineer,6,1,Valid
357,Female,89,115811,87,Homemaker,11,4,Valid
358,Male,20,184324,51,Unknown,13,5,Invalid
359,Female,72,67353,19,Lawyer,9,3,Valid
360,Male,17,165999,71,Healthcare,9,3,Valid
361,Male,90,164914,18,Artist,8,3,Valid
362,Male,99,63364,61,Entertainment,1,2,Valid
363,Female,39,182352,73,Engineer,4,3,Valid
364,Female,37,148544,56,Entertainment,1,2,Valid
365,Male,46,62833,85,Artist,1,2,Valid
366,Male,65,120627,72,Healthcare,0,2,Valid
367,Female,60,130898,30,Artist,1,1,Valid
368,Female,93,103130,74,Executive,12,3,Valid
369,Male,72,106681,15,Healthcare,9,5,Valid
370,Female,36,87353,25,Entertainment,1,5,Valid
371,Male,52,88046,61,Artist,8,1,Valid
372,Female,72,98168,49,Entertainment,1,2,Valid
373,Female,28,178265,5,Lawyer,2,1,Valid
374,Female,48,167232,92,Doctor,6,4,Valid
375,Male,85,140478,43,Doctor,6,4,Valid
376,Male,22,159296,83,Artist,8,1,Valid
377,Female,30,144043,78,Doctor,1,1,Valid
378,Male,46,72594,64,Artist,1,2,Valid
379,Female,82,180288,77,Artist,2,2,Valid
380,Female,73,165734,51,Entertainment,0,1,Valid
381,Male,8,175407,2,Artist,5,1,Valid
382,Male,90,70201,8,Engineer,0,2,Valid
383,Male,34,91503,26,Artist,0,6,Valid
384,Female,10,184522,43,Artist,0,2,Valid
385,Female,79,143560,83,Artist,1,3,Valid
386,Male,83,131574,97,Artist,1,2,Valid
387,Female,20,151124,18,Artist,15,3,Valid
388,Female,25,67447,5,Artist,15,2,Valid
389,Female,26,117454,8,Healthcare,16,2,Valid
390,Female,18,86203,23,Doctor,13,1,Valid
391,Female,7,136231,10,Artist,7,1,Valid
392,Male,1,89144,1,Doctor,12,2,Valid
393,Male,21,119116,30,Artist,17,4,Valid
394,Female,86,163463,31,Artist,9,4,Valid
395,Female,75,151696,82,Artist,15,1,Valid
396,Male,78,184736,52,Lawyer,13,1,Valid
397,Female,87,70419,69,Homemaker,6,4,Valid
398,Female,8,119104,41,Entertainment,14,3,Valid
399,Male,59,130950,28,Executive,5,3,Valid
400,Male,13,140950,77,Artist,15,2,Valid
401,Female,55,82285,35,Engineer,16,1,Valid
402,Female,50,91389,92,Healthcare,11,7,Valid
403,Male,54,186359,95,Doctor,13,2,Valid
404,Male,13,178989,46,Doctor,14,3,Valid
405,Male,79,166335,45,Engineer,5,5,Valid
406,Female,65,119889,11,Artist,17,6,Valid
407,Female,51,66852,73,Executive,15,3,Valid
408,Male,18,103896,36,Executive,16,4,Valid
409,Male,21,187761,87,Healthcare,2,3,Valid
410,Male,37,102717,93,Healthcare,7,4,Valid
411,Male,83,102647,83,Entertainment,0,2,Valid
412,Female,96,113585,31,Lawyer,0,4,Valid
413,Female,65,86509,88,Artist,0,4,Valid
414,Male,80,59099,44,Unknown,1,7,Invalid
415,Female,75,135088,5,Lawyer,1,5,Valid
416,Female,87,110870,78,Engineer,1,4,Valid
417,Female,86,187667,12,Artist,0,1,Valid
418,Female,36,124614,25,Artist,8,5,Valid
419,Female,78,166492,40,Homemaker,9,7,Valid
420,Female,62,172758,69,Entertainment,1,2,Valid
421,Male,89,122430,19,Healthcare,1,1,Valid
422,Female,56,183540,96,Entertainment,0,6,Valid
423,Female,35,96484,34,Artist,5,4,Valid
424,Male,33,112587,71,Artist,1,4,Valid
425,Female,58,155672,71,Entertainment,7,7,Valid
426,Female,68,72847,93,Artist,1,2,Valid
427,Male,38,71897,32,Entertainment,2,3,Valid
428,Male,31,158479,57,Doctor,1,5,Valid
429,Male,90,89251,4,Entertainment,1,1,Valid
430,Male,28,179911,24,Engineer,1,1,Valid
431,Male,1,111558,85,Healthcare,7,4,Valid
432,Male,78,127615,78,Executive,10,7,Valid
433,Female,23,50076,32,Artist,3,5,Valid
434,Female,25,77779,62,Artist,4,1,Valid
435,Male,59,169999,38,Engineer,5,5,Valid
436,Female,7,106581,76,Doctor,1,7,Valid
437,Female,24,78223,41,Lawyer,0,1,Valid
438,Male,76,136259,14,Unknown,0,7,Invalid
439,Male,37,153399,93,Entertainment,1,6,Valid
440,Female,6,162858,91,Artist,0,1,Valid
441,Female,0,57373,29,Unknown,0,7,Invalid
442,Male,3,133602,47,Artist,1,1,Valid
443,Female,95,66322,88,Artist,0,3,Valid
444,Female,0,68761,16,Lawyer,1,4,Valid
445,Male,7,70749,86,Artist,13,3,Valid
446,Male,54,65874,87,Artist,7,6,Valid
447,Male,89,115996,24,Engineer,15,1,Valid
448,Female,58,67097,91,Engineer,6,1,Valid
449,Female,12,108027,64,Artist,13,5,Valid
450,Male,7,176349,80,Healthcare,8,2,Valid
451,Male,11,88452,40,Healthcare,8,6,Valid
452,Male,74,128266,55,Engineer,7,4,Valid
453,Female,64,156777,20,Healthcare,7,2,Valid
454,Female,48,123234,50,Lawyer,10,7,Valid
455,Female,8,60790,38,Artist,1,5,Valid
456,Female,15,181332,99,Artist,14,6,Valid
457,Male,1,187297,7,Artist,0,1,Valid
458,Female,21,153885,86,Artist,6,6,Valid
459,Male,84,53500,44,Unknown,3,4,Invalid
460,Female,5,69443,28,Doctor,4,6,Valid
461,Female,47,124072,56,Lawyer,0,7,Valid
462,Female,96,135800,29,Healthcare,0,7,Valid
463,Male,93,120597,96,Artist,2,4,Valid
464,Female,16,91358,11,Entertainment,1,4,Valid
465,Male,56,53231,41,Unknown,0,5,Invalid
466,Female,76,156330,31,Engineer,1,2,Valid
467,Male,0,186002,80,Doctor,15,2,Valid
468,Female,70,111760,53,Executive,12,5,Valid
469,Female,47,143906,12,Artist,4,3,Valid
470,Male,13,182410,22,Healthcare,11,4,Valid
471,Male,86,98463,46,Homemaker,10,5,Valid
472,Male,91,93762,28,Artist,15,7,Valid
473,Male,97,104582,50,Healthcare,8,2,Valid
474,Male,20,130813,92,Artist,17,5,Valid
475,Female,11,59202,92,Healthcare,5,4,Valid
476,Female,28,79968,45,Lawyer,9,2,Valid
477,Male,32,104824,42,Artist,0,7,Valid
478,Male,82,188719,30,Lawyer,0,6,Valid
479,Male,39,187536,66,Healthcare,3,6,Valid
480,Male,7,134008,85,Entertainment,2,1,Valid
481,Female,13,176397,71,Artist,6,3,Valid
482,Female,34,154888,43,Healthcare,9,6,Valid
483,Male,76,155622,81,Healthcare,0,2,Valid
484,Female,30,62330,60,Healthcare,1,1,Valid
485,Female,69,112838,34,Healthcare,1,7,Valid
486,Male,22,58283,59,Homemaker,2,4,Valid
487,Female,60,77857,81,Artist,1,6,Valid
488,Male,66,125024,25,Artist,0,1,Valid
489,Female,57,136242,34,Artist,9,1,Valid
490,Female,60,81934,81,Healthcare,1,4,Valid
491,Female,59,130511,97,Artist,3,4,Valid
492,Female,54,144502,88,Lawyer,3,1,Valid
493,Male,90,63769,6,Artist,4,2,Valid
494,Female,14,66760,20,Artist,0,4,Valid
495,Female,34,135115,54,Entertainment,1,7,Valid
496,Female,85,179877,17,Healthcare,12,4,Valid
497,Female,83,93351,65,Doctor,1,1,Valid
498,Male,12,84547,96,Homemaker,3,3,Valid
499,Male,95,121725,3,Unknown,12,3,Invalid
500,Male,41,65723,91,Artist,6,7,Valid
501,Female,38,96794,96,Healthcare,6,3,Valid
502,Male,68,72352,61,Healthcare,8,5,Valid
503,Female,4,53097,21,Healthcare,0,7,Valid
504,Female,5,144831,17,Artist,1,3,Valid
505,Female,3,183851,10,Doctor,1,2,Valid
506,Female,20,111896,90,Executive,1,3,Valid
507,Female,3,64824,30,Executive,1,1,Valid
508,Male,36,88565,16,Healthcare,1,5,Valid
509,Female,70,104974,63,Artist,1,1,Valid
510,Female,17,167060,47,Artist,1,5,Valid
511,Female,31,69018,17,Artist,6,1,Valid
512,Female,48,174109,96,Entertainment,0,1,Valid
513,Male,28,62186,29,Unknown,0,1,Invalid
514,Male,97,183783,70,Healthcare,9,3,Valid
515,Male,81,83771,1,Artist,1,2,Valid
516,Female,37,148196,91,Artist,0,2,Valid
517,Male,85,131742,87,Entertainment,1,1,Valid
518,Female,78,59971,94,Homemaker,14,7,Valid
519,Female,13,88960,2,Entertainment,13,3,Valid
520,Female,53,140107,38,Healthcare,1,5,Valid
521,Female,41,161896,49,Entertainment,1,3,Valid
522,Female,9,57272,60,Engineer,1,1,Valid
523,Male,20,119952,2,Healthcare,8,2,Valid
524,Female,98,167197,63,Doctor,1,5,Valid
525,Female,44,186116,2,Healthcare,8,6,Valid
526,Female,66,134677,59,Healthcare,15,5,Valid
527,Female,58,180479,74,Healthcare,0,3,Valid
528,Male,97,112783,21,Artist,9,6,Valid
529,Male,13,150258,17,Doctor,0,3,Valid
530,Male,48,115832,92,Artist,2,2,Valid
531,Female,47,104834,44,Artist,0,7,Valid
532,Male,93,152571,66,Doctor,14,5,Valid
533,Female,11,162287,45,Engineer,3,2,Valid
534,Female,68,171761,59,Doctor,1,6,Valid
535,Female,87,77709,73,Artist,0,1,Valid
536,Female,22,95053,17,Entertainment,1,2,Valid
537,Male,89,74820,33,Doctor,1,2,Valid
538,Male,57,152267,92,Engineer,9,5,Valid
539,Male,91,71925,14,Artist,4,2,Valid
540,Female,84,151340,95,Artist,1,7,Valid
541,Male,56,162921,51,Executive,0,4,Valid
542,Female,26,52234,30,Executive,1,2,Valid
543,Female,56,100271,87,Artist,1,5,Valid
544,Female,6,170266,23,Artist,3,2,Valid
545,Female,33,88763,1,Entertainment,1,1,Valid
546,Female,89,107359,26,Unknown,10,6,Invalid
547,Male,99,164781,83,Engineer,0,2,Valid
548,Female,25,156016,85,Artist,2,1,Valid
549,Female,96,186882,40,Entertainment,1,7,Valid
550,Female,35,99300,88,Homemaker,5,2,Valid
551,Male,16,58127,65,Unknown,0,3,Invalid
552,Female,81,89211,12,Doctor,1,7,Valid
553,Female,7,148607,59,Homemaker,1,7,Valid
554,Female,31,139592,62,Unknown,1,1,Invalid
555,Female,16,172051,62,Healthcare,1,3,Valid
556,Male,89,57033,99,Artist,0,4,Valid
557,Male,84,117612,63,Engineer,0,6,Valid
558,Male,40,185321,96,Artist,0,7,Valid
559,Female,17,186577,5,Healthcare,8,5,Valid
560,Male,0,151298,89,Artist,0,6,Valid
561,Female,69,123925,52,Artist,1,7,Valid
562,Female,17,169496,12,Lawyer,11,6,Valid
563,Female,0,142892,25,Entertainment,8,1,Valid
564,Female,34,58979,3,Entertainment,9,5,Valid
565,Female,51,141416,100,Healthcare,15,1,Valid
566,Male,54,104854,67,Healthcare,1,7,Valid
567,Female,19,180331,14,Artist,17,5,Valid
568,Female,99,172896,13,Engineer,0,3,Valid
569,Female,2,101451,82,Healthcare,4,3,Valid
570,Female,91,189974,37,Engineer,8,1,Valid
571,Male,65,90084,65,Artist,1,6,Valid
572,Female,47,112247,24,Executive,4,5,Valid
573,Female,91,181775,61,Artist,4,5,Valid
574,Female,64,59088,31,Artist,1,3,Valid
575,Female,91,60856,23,Artist,1,6,Valid
576,Male,32,149900,34,Artist,6,3,Valid
577,Male,15,142776,98,Engineer,8,5,Valid
578,Male,22,162598,84,Artist,8,3,Valid
579,Female,37,146195,89,Healthcare,4,4,Valid
580,Male,83,135268,53,Lawyer,4,5,Valid
581,Female,89,136037,1,Unknown,5,1,Invalid
582,Female,33,111191,67,Artist,9,4,Valid
583,Female,13,144111,62,Entertainment,12,5,Valid
584,Female,71,177359,56,Doctor,6,2,Valid
585,Female,10,112818,85,Unknown,15,7,Invalid
586,Male,49,53509,98,Artist,5,4,Valid
587,Female,9,168269,75,Executive,10,2,Valid
588,Female,53,86766,2,Lawyer,16,3,Valid
589,Female,63,52661,25,Healthcare,12,5,Valid
590,Female,46,148520,14,Healthcare,11,5,Valid
591,Male,42,149936,52,Artist,15,3,Valid
592,Female,73,102296,31,Entertainment,7,5,Valid
593,Male,75,178416,16,Executive,10,7,Valid
594,Female,49,83788,41,Doctor,15,1,Valid
595,Female,96,184771,77,Engineer,8,5,Valid
596,Female,52,70302,88,Executive,14,3,Valid
597,Female,15,58639,51,Entertainment,5,7,Valid
598,Male,91,97879,40,Entertainment,15,7,Valid
599,Male,22,64707,29,Entertainment,7,3,Valid
600,Male,62,71795,87,Healthcare,8,1,Valid
601,Male,41,76567,85,Doctor,16,1,Valid
602,Male,61,126370,20,Unknown,11,4,Invalid
603,Female,71,154007,32,Artist,7,7,Valid
604,Female,91,69720,78,Lawyer,17,6,Valid
605,Female,94,85265,68,Executive,7,6,Valid
606,Female,3,155864,31,Healthcare,13,3,Valid
607,Female,15,99421,72,Artist,8,7,Valid
608,Female,96,145457,57,Executive,2,1,Valid
609,Male,12,118041,77,Artist,9,2,Valid
610,Female,23,73759,83,Doctor,0,7,Valid
611,Male,94,90082,17,Artist,5,7,Valid
612,Female,7,74928,12,Artist,0,6,Valid
613,Female,74,101352,36,Lawyer,0,5,Valid
614,Female,52,93947,81,Healthcare,9,2,Valid
615,Male,39,134629,23,Engineer,1,6,Valid
616,Male,72,101858,70,Healthcare,8,6,Valid
617,Female,55,165501,47,Artist,10,4,Valid
618,Male,29,135931,74,Lawyer,5,1,Valid
619,Male,38,103356,20,Unknown,1,6,Invalid
620,Female,44,75195,79,Artist,1,3,Valid
621,Male,58,123083,44,Entertainment,6,5,Valid
622,Male,77,73884,30,Healthcare,1,2,Valid
623,Female,56,91180,61,Entertainment,1,7,Valid
624,Male,79,86235,52,Artist,0,2,Valid
625,Female,97,96400,4,Doctor,1,7,Valid
626,Male,78,83599,12,Healthcare,1,6,Valid
627,Female,91,82535,50,Healthcare,0,1,Valid
628,Male,35,92227,8,Lawyer,0,5,Valid
629,Female,43,150444,27,Artist,13,4,Valid
630,Female,37,149095,83,Lawyer,1,2,Valid
631,Male,63,113605,42,Artist,3,3,Valid
632,Female,16,93854,82,Healthcare,0,7,Valid
633,Male,32,118280,92,Artist,0,5,Valid
634,Male,91,94576,90,Artist,0,1,Valid
635,Female,33,129257,70,Executive,6,3,Valid
636,Female,57,70373,10,Healthcare,2,6,Valid
637,Female,43,77600,66,Healthcare,0,1,Valid
638,Female,26,113707,97,Entertainment,0,5,Valid
639,Female,59,189672,8,Doctor,0,7,Valid
640,Female,61,143180,58,Artist,0,5,Valid
641,Female,59,174890,14,Unknown,3,4,Invalid
642,Male,66,121377,19,Unknown,7,7,Invalid
643,Male,26,154857,13,Healthcare,0,7,Valid
644,Female,67,160945,51,Healthcare,0,5,Valid
645,Female,85,119557,35,Artist,0,2,Valid
646,Female,76,187141,33,Doctor,0,7,Valid
647,Female,57,97468,22,Artist,0,1,Valid
648,Female,77,160351,77,Lawyer,8,5,Valid
649,Female,66,178627,94,Healthcare,1,2,Valid
650,Female,49,170188,80,Lawyer,1,6,Valid
651,Female,36,166007,40,Doctor,1,4,Valid
652,Male,74,91794,83,Entertainment,0,7,Valid
653,Female,16,189072,86,Artist,6,3,Valid
654,Male,27,152717,15,Executive,1,6,Valid
655,Female,3,158549,98,Executive,0,3,Valid
656,Male,31,134263,94,Unknown,1,3,Invalid
657,Female,30,148236,28,Executive,1,1,Valid
658,Male,94,171677,81,Artist,0,6,Valid
659,Female,31,189446,38,Artist,1,6,Valid
660,Male,49,106633,53,Artist,0,3,Valid
661,Male,49,81084,48,Executive,6,5,Valid
662,Male,53,148759,52,Doctor,7,7,Valid
663,Female,3,117638,95,Healthcare,2,7,Valid
664,Female,91,159537,37,Doctor,4,1,Valid
665,Male,26,79526,6,Unknown,9,7,Invalid
666,Male,28,101414,64,Unknown,8,1,Invalid
667,Female,92,109519,72,Entertainment,1,4,Valid
668,Female,59,156880,70,Artist,0,7,Valid
669,Male,15,157278,58,Artist,0,6,Valid
670,Female,23,144916,84,Engineer,1,7,Valid
671,Male,54,59163,100,Unknown,3,3,Invalid
672,Female,93,93991,49,Artist,1,3,Valid
673,Female,65,58318,45,Doctor,1,1,Valid
674,Female,13,180786,88,Lawyer,1,5,Valid
675,Male,71,84622,45,Doctor,0,6,Valid
676,Male,1,92674,59,Artist,8,4,Valid
677,Female,57,87553,94,Artist,1,1,Valid
678,Male,14,74174,79,Entertainment,1,2,Valid
679,Female,77,180831,33,Healthcare,1,2,Valid
680,Female,89,137397,33,Doctor,1,7,Valid
681,Male,17,96154,100,Artist,1,4,Valid
682,Male,86,172477,69,Entertainment,1,3,Valid
683,Male,42,59954,37,Executive,4,4,Valid
684,Female,29,112240,95,Entertainment,0,4,Valid
685,Female,54,145679,35,Artist,0,2,Valid
686,Male,96,136265,49,Artist,12,5,Valid
687,Female,58,74869,12,Healthcare,0,3,Valid
688,Female,52,109425,46,Engineer,0,1,Valid
689,Female,3,126015,57,Healthcare,0,1,Valid
690,Female,13,156951,66,Healthcare,4,7,Valid
691,Female,3,127172,68,Healthcare,1,2,Valid
692,Male,89,113834,22,Doctor,0,3,Valid
693,Male,83,132005,2,Entertainment,0,5,Valid
694,Female,80,171323,78,Lawyer,10,4,Valid
695,Female,74,92355,87,Entertainment,1,4,Valid
696,Male,42,60982,3,Healthcare,0,5,Valid
697,Female,91,51742,33,Artist,8,3,Valid
698,Female,31,138612,71,Executive,9,2,Valid
699,Male,8,158123,84,Artist,1,1,Valid
700,Male,64,164675,65,Executive,0,5,Valid
701,Female,41,172882,27,Healthcare,8,7,Valid
702,Female,62,70119,93,Artist,0,1,Valid
703,Male,41,113998,26,Healthcare,7,7,Valid
704,Male,22,114011,40,Unknown,5,7,Invalid
705,Male,5,57265,89,Entertainment,7,7,Valid
706,Female,38,130597,2,Artist,6,1,Valid
707,Female,88,121597,7,Engineer,0,5,Valid
708,Male,56,103210,100,Artist,6,6,Valid
709,Male,47,66308,8,Executive,0,4,Valid
710,Male,4,141336,93,Homemaker,2,1,Valid
711,Male,82,153632,76,Entertainment,9,7,Valid
712,Female,31,65520,71,Lawyer,1,2,Valid
713,Female,69,153217,83,Healthcare,1,6,Valid
714,Male,62,92768,75,Doctor,1,1,Valid
715,Female,54,132345,10,Artist,0,2,Valid
716,Female,60,186069,49,Unknown,1,2,Invalid
717,Female,31,53802,32,Artist,1,7,Valid
718,Female,17,103739,62,Healthcare,6,4,Valid
719,Female,15,50550,34,Healthcare,9,7,Valid
720,Female,37,145648,21,Healthcare,7,6,Valid
721,Male,36,85737,37,Executive,0,3,Valid
722,Female,27,99950,20,Entertainment,0,4,Valid
723,Female,11,83220,21,Engineer,7,4,Valid
724,Male,83,73410,50,Entertainment,8,5,Valid
725,Female,71,64310,43,Unknown,2,1,Invalid
726,Female,20,59844,79,Doctor,0,1,Valid
727,Male,3,67787,1,Executive,1,6,Valid
728,Male,52,172841,4,Engineer,0,1,Valid
729,Male,75,145528,61,Healthcare,1,2,Valid
730,Male,36,173807,42,Artist,0,2,Valid
731,Male,60,185794,69,Entertainment,7,1,Valid
732,Male,8,119780,71,Healthcare,1,3,Valid
733,Female,9,158596,86,Artist,1,2,Valid
734,Female,41,118122,52,Entertainment,0,6,Valid
735,Male,38,99964,11,Healthcare,7,4,Valid
736,Female,69,120752,27,Executive,1,6,Valid
737,Female,33,189630,53,Executive,5,5,Valid
738,Male,64,125510,6,Healthcare,3,3,Valid
739,Male,19,101799,49,Engineer,1,1,Valid
740,Female,88,92914,74,Artist,0,3,Valid
741,Female,91,162465,59,Engineer,9,3,Valid
742,Male,84,163818,27,Engineer,2,1,Valid
743,Female,43,53832,56,Entertainment,4,1,Valid
744,Female,30,140190,49,Engineer,1,4,Valid
745,Male,16,125836,69,Healthcare,1,4,Valid
746,Male,89,100938,27,Entertainment,0,7,Valid
747,Male,5,168670,37,Artist,1,3,Valid
748,Female,54,176885,10,Entertainment,0,3,Valid
749,Female,41,111174,28,Artist,4,5,Valid
750,Male,80,127335,97,Artist,6,6,Valid
751,Male,37,149103,3,Healthcare,10,1,Valid
752,Male,87,167705,31,Healthcare,0,7,Valid
753,Female,50,183548,85,Entertainment,1,4,Valid
754,Female,14,50396,46,Lawyer,0,6,Valid
755,Female,17,63557,3,Unknown,1,1,Invalid
756,Female,98,87878,55,Artist,1,6,Valid
757,Male,3,55634,53,Engineer,8,3,Valid
758,Female,83,118110,26,Engineer,1,5,Valid
759,Male,13,129396,36,Artist,6,6,Valid
760,Female,46,62628,64,Entertainment,8,6,Valid
761,Female,25,51700,17,Healthcare,4,6,Valid
762,Female,4,106816,49,Artist,7,5,Valid
763,Male,64,93000,67,Lawyer,0,2,Valid
764,Female,84,144148,71,Doctor,1,4,Valid
765,Male,12,101388,90,Artist,0,2,Valid
766,Female,56,171560,78,Engineer,0,2,Valid
767,Male,58,156366,60,Entertainment,8,1,Valid
768,Female,0,143910,22,Unknown,1,7,Invalid
769,Female,25,106569,84,Engineer,1,3,Valid
770,Male,28,173009,25,Healthcare,9,6,Valid
771,Male,78,54252,29,Engineer,0,5,Valid
772,Male,56,104600,57,Entertainment,6,3,Valid
773,Male,91,50250,54,Artist,0,2,Valid
774,Male,77,93242,84,Entertainment,0,7,Valid
775,Female,83,156839,38,Artist,3,7,Valid
776,Female,64,71305,39,Artist,9,2,Valid
777,Male,19,85975,73,Entertainment,0,6,Valid
778,Male,94,188107,52,Engineer,10,2,Valid
779,Male,19,82333,35,Unknown,1,2,Invalid
780,Male,84,125016,25,Entertainment,1,7,Valid
781,Female,10,148908,10,Healthcare,2,3,Valid
782,Female,19,58217,70,Artist,0,1,Valid
783,Male,74,76521,29,Engineer,7,4,Valid
784,Female,95,117763,42,Artist,1,2,Valid
785,Female,34,115184,93,Homemaker,1,4,Valid
786,Male,30,54251,7,Artist,2,6,Valid
787,Female,53,112530,24,Entertainment,2,6,Valid
788,Male,67,107409,2,Artist,1,6,Valid
789,Female,23,84793,23,Homemaker,9,6,Valid
790,Female,25,66952,79,Entertainment,1,2,Valid
791,Female,84,153465,11,Lawyer,1,4,Valid
792,Female,1,178214,17,Artist,1,7,Valid
793,Male,70,152069,42,Entertainment,4,4,Valid
794,Female,56,132860,17,Healthcare,7,2,Valid
795,Female,0,147719,86,Lawyer,1,7,Valid
796,Female,91,172915,29,Doctor,9,1,Valid
797,Female,81,148594,29,Entertainment,3,5,Valid
798,Male,33,61986,77,Executive,0,1,Valid
799,Male,75,91456,13,Artist,1,4,Valid
800,Male,11,166247,84,Executive,1,2,Valid
801,Female,61,140516,50,Artist,0,3,Valid
802,Male,81,148208,36,Unknown,5,7,Invalid
803,Female,62,133822,78,Unknown,0,4,Invalid
804,Female,44,175424,32,Artist,4,5,Valid
805,Female,67,121528,92,Healthcare,8,4,Valid
806,Female,30,189369,69,Healthcare,0,3,Valid
807,Female,92,80808,26,Artist,1,1,Valid
808,Male,25,57535,84,Entertainment,1,7,Valid
809,Female,61,163509,51,Healthcare,0,4,Valid
810,Female,72,75884,57,Executive,0,7,Valid
811,Female,89,157759,52,Artist,1,6,Valid
812,Female,37,184813,44,Executive,0,2,Valid
813,Male,59,187253,51,Executive,8,7,Valid
814,Male,41,81718,36,Entertainment,1,3,Valid
815,Male,60,150019,37,Doctor,1,2,Valid
816,Female,81,53452,73,Entertainment,1,6,Valid
817,Male,85,150765,42,Homemaker,8,2,Valid
818,Female,91,154456,71,Unknown,0,7,Invalid
819,Female,65,56647,12,Doctor,6,4,Valid
820,Female,19,117477,48,Healthcare,6,7,Valid
821,Female,78,79677,9,Artist,10,7,Valid
822,Female,0,116759,28,Unknown,7,3,Invalid
823,Male,26,180702,21,Entertainment,6,1,Valid
824,Female,2,122698,100,Entertainment,8,1,Valid
825,Female,60,169346,55,Healthcare,7,2,Valid
826,Female,67,93176,25,Artist,4,1,Valid
827,Female,4,75853,40,Homemaker,4,5,Valid
828,Male,7,119362,58,Engineer,8,1,Valid
829,Male,28,81545,36,Artist,4,7,Valid
830,Male,67,67372,75,Artist,0,7,Valid
831,Female,30,109703,61,Executive,1,1,Valid
832,Male,38,166697,39,Unknown,13,4,Invalid
833,Female,40,124982,34,Engineer,1,7,Valid
834,Female,6,146776,83,Lawyer,1,7,Valid
835,Female,3,147548,45,Executive,4,5,Valid
836,Female,51,117620,60,Healthcare,7,6,Valid
837,Male,63,85351,57,Healthcare,0,2,Valid
838,Male,65,174432,8,Artist,0,7,Valid
839,Male,44,70787,68,Doctor,1,3,Valid
840,Female,90,75473,63,Healthcare,0,7,Valid
841,Male,76,90082,49,Healthcare,1,6,Valid
842,Female,62,185388,54,Healthcare,0,2,Valid
843,Female,5,168110,69,Doctor,14,6,Valid
844,Female,67,184628,38,Artist,12,2,Valid
845,Female,38,176551,45,Healthcare,8,1,Valid
846,Female,31,76422,21,Healthcare,9,7,Valid
847,Male,2,164248,51,Entertainment,9,3,Valid
848,Female,82,109188,38,Lawyer,5,7,Valid
849,Female,66,132951,26,Healthcare,4,1,Valid
850,Female,75,164598,32,Healthcare,8,1,Valid
851,Male,69,186655,32,Unknown,7,2,Invalid
852,Female,62,111859,86,Healthcare,6,1,Valid
853,Female,0,121926,41,Lawyer,7,1,Valid
854,Female,11,143047,42,Executive,1,3,Valid
855,Female,22,131748,23,Artist,1,3,Valid
856,Male,76,142801,23,Lawyer,0,1,Valid
857,Male,85,142723,46,Engineer,0,6,Valid
858,Male,21,155151,16,Unknown,14,3,Invalid
859,Female,64,153607,48,Healthcare,1,4,Valid
860,Male,94,144192,34,Healthcare,0,3,Valid
861,Female,83,174159,22,Lawyer,4,4,Valid
862,Female,93,73642,50,Unknown,0,3,Invalid
863,Female,12,170319,46,Artist,8,7,Valid
864,Female,0,141351,10,Engineer,0,2,Valid
865,Female,79,167411,9,Unknown,12,5,Invalid
866,Male,90,58289,49,Artist,5,6,Valid
867,Female,45,79801,77,Doctor,0,2,Valid
868,Female,82,146118,52,Unknown,8,7,Invalid
869,Female,57,57337,14,Healthcare,1,4,Valid
870,Female,43,113575,6,Entertainment,1,2,Valid
871,Male,63,122658,65,Engineer,6,2,Valid
872,Female,62,151836,13,Artist,0,6,Valid
873,Female,43,185900,80,Homemaker,9,4,Valid
874,Female,34,94029,98,Healthcare,1,4,Valid
875,Female,30,157290,22,Artist,2,2,Valid
876,Male,97,175996,42,Entertainment,10,4,Valid
877,Male,68,102016,37,Artist,0,4,Valid
878,Male,16,77902,67,Artist,1,2,Valid
879,Female,15,81138,86,Healthcare,9,7,Valid
880,Male,25,128258,48,Executive,0,2,Valid
881,Female,29,62475,24,Artist,6,4,Valid
882,Female,85,82854,75,Artist,6,4,Valid
883,Female,30,59284,38,Doctor,7,7,Valid
884,Female,13,141580,92,Healthcare,0,4,Valid
885,Female,88,171362,90,Executive,6,4,Valid
886,Male,5,78274,65,Artist,9,2,Valid
887,Female,95,76646,61,Artist,0,1,Valid
888,Female,92,78308,66,Executive,5,2,Valid
889,Female,63,78971,89,Engineer,1,2,Valid
890,Female,75,65528,73,Unknown,1,5,Invalid
891,Male,67,94199,71,Artist,5,7,Valid
892,Female,58,135705,48,Engineer,8,7,Valid
893,Male,52,130573,31,Entertainment,8,3,Valid
894,Female,85,152303,68,Artist,1,5,Valid
895,Female,31,144582,89,Doctor,1,1,Valid
896,Female,84,93288,60,Artist,10,6,Valid
897,Female,93,88192,3,Unknown,10,2,Invalid
898,Male,18,62362,81,Lawyer,7,3,Valid
899,Male,73,74350,39,Lawyer,10,1,Valid
900,Male,3,144103,42,Healthcare,8,7,Valid
901,Male,1,75518,17,Lawyer,7,3,Valid
902,Male,53,160980,62,Doctor,4,2,Valid
903,Female,75,102904,28,Artist,7,6,Valid
904,Female,15,174501,37,Unknown,9,7,Invalid
905,Female,47,157661,57,Healthcare,6,6,Valid
906,Female,66,118385,8,Healthcare,10,3,Valid
907,Female,17,116463,100,Artist,8,4,Valid
908,Female,1,161212,14,Artist,9,6,Valid
909,Male,16,172601,50,Unknown,4,6,Invalid
910,Female,52,167214,94,Homemaker,8,7,Valid
911,Male,21,69644,19,Artist,5,1,Valid
912,Female,19,120215,46,Homemaker,7,2,Valid
913,Female,29,180401,23,Engineer,7,6,Valid
914,Female,40,113739,93,Artist,5,7,Valid
915,Male,76,111717,41,Healthcare,1,2,Valid
916,Male,91,62808,20,Engineer,0,4,Valid
917,Female,24,67582,13,Artist,1,3,Valid
918,Male,4,96543,60,Artist,9,1,Valid
919,Male,90,89667,69,Artist,0,2,Valid
920,Female,56,98980,65,Engineer,0,1,Valid
921,Male,14,124998,17,Lawyer,1,3,Valid
922,Male,52,189091,12,Artist,0,6,Valid
923,Female,14,153842,3,Artist,1,3,Valid
924,Male,30,106314,16,Artist,0,7,Valid
925,Female,70,62901,60,Artist,8,5,Valid
926,Male,14,149618,78,Healthcare,4,6,Valid
927,Female,95,72068,97,Healthcare,0,6,Valid
928,Male,25,81367,87,Unknown,0,3,Invalid
929,Female,95,118575,10,Entertainment,1,3,Valid
930,Female,12,82382,97,Executive,1,3,Valid
931,Male,82,114776,55,Entertainment,10,3,Valid
932,Female,2,145597,81,Artist,1,6,Valid
933,Male,51,162072,86,Engineer,1,1,Valid
934,Male,63,172872,11,Healthcare,0,7,Valid
935,Female,30,182162,6,Artist,1,3,Valid
936,Female,68,71467,81,Artist,5,7,Valid
937,Female,21,85568,1,Healthcare,0,6,Valid
938,Female,99,56851,72,Entertainment,6,3,Valid
939,Female,0,116782,73,Artist,9,5,Valid
940,Female,80,67781,1,Entertainment,4,4,Valid
941,Female,51,70152,29,Healthcare,0,2,Valid
942,Male,18,185861,82,Artist,3,6,Valid
943,Male,43,162595,17,Artist,3,3,Valid
944,Female,29,80098,54,Lawyer,10,6,Valid
945,Female,20,184801,8,Lawyer,1,1,Valid
946,Female,39,58908,37,Artist,6,6,Valid
947,Female,9,146011,69,Unknown,9,5,Invalid
948,Female,45,135174,39,Artist,9,4,Valid
949,Female,65,114244,64,Artist,0,1,Valid
950,Female,64,157207,52,Healthcare,0,4,Valid
951,Female,81,128834,23,Entertainment,5,4,Valid
952,Male,54,51166,24,Entertainment,0,7,Valid
953,Female,32,130118,36,Artist,0,4,Valid
954,Male,29,87014,71,Doctor,11,4,Valid
955,Female,25,111379,93,Artist,0,2,Valid
956,Male,5,83704,82,Entertainment,1,1,Valid
957,Female,55,90558,49,Healthcare,8,2,Valid
958,Male,12,187343,14,Healthcare,6,3,Valid
959,Female,81,111174,48,Entertainment,9,6,Valid
960,Male,87,64461,63,Engineer,4,4,Valid
961,Male,12,109618,97,Artist,7,3,Valid
962,Male,91,189357,4,Lawyer,7,1,Valid
963,Female,63,120955,79,Artist,6,1,Valid
964,Female,97,168898,54,Homemaker,8,7,Valid
965,Male,89,130431,52,Healthcare,6,3,Valid
966,Male,59,161091,56,Engineer,9,1,Valid
967,Female,26,69988,2,Homemaker,5,4,Valid
968,Female,5,169702,98,Doctor,5,1,Valid
969,Male,32,186897,49,Healthcare,1,7,Valid
970,Female,98,109061,41,Engineer,6,1,Valid
971,Male,31,188620,30,Artist,3,6,Valid
972,Female,59,108675,57,Artist,4,5,Valid
973,Female,80,177601,34,Entertainment,0,2,Valid
974,Female,12,87365,3,Unknown,1,2,Invalid
975,Male,80,95929,23,Engineer,0,2,Valid
976,Male,59,97185,87,Entertainment,0,5,Valid
977,Female,56,103838,17,Artist,1,2,Valid
978,Male,18,129260,11,Doctor,1,3,Valid
979,Female,66,151184,19,Artist,1,4,Valid
980,Female,67,177512,62,Engineer,2,3,Valid
981,Male,39,140099,51,Lawyer,0,7,Valid
982,Male,23,67535,97,Healthcare,7,6,Valid
983,Male,47,133236,61,Executive,1,6,Valid
984,Female,41,87975,5,Homemaker,9,7,Valid
985,Female,40,164350,23,Healthcare,0,5,Valid
986,Male,36,55109,53,Artist,8,3,Valid
987,Female,12,67613,40,Entertainment,1,2,Valid
988,Female,60,185306,47,Entertainment,0,2,Valid
989,Female,24,154787,84,Executive,3,5,Valid
990,Female,17,109759,96,Artist,9,3,Valid
991,Female,92,114571,51,Executive,1,3,Valid
992,Male,32,130697,93,Artist,1,2,Valid
993,Male,39,115916,24,Doctor,13,6,Valid
994,Female,50,69814,53,Artist,9,2,Valid
995,Female,85,118161,74,Engineer,0,4,Valid
996,Male,65,56583,65,Healthcare,2,3,Valid
997,Female,17,185843,36,Artist,4,3,Valid
998,Female,31,171825,22,Entertainment,10,4,Valid
999,Male,24,77976,95,Artist,11,3,Valid
1000,Male,97,66312,75,Entertainment,0,1,Valid
1001,Female,92,81839,11,Entertainment,0,4,Valid
1002,Female,80,55712,5,Artist,5,6,Valid
1003,Male,33,158335,45,Healthcare,2,5,Valid
1004,Male,8,74253,45,Lawyer,1,6,Valid
1005,Male,67,119625,3,Healthcare,4,4,Valid
1006,Female,8,129743,6,Artist,0,2,Valid
1007,Female,61,101007,60,Lawyer,0,6,Valid
1008,Male,83,87529,49,Artist,9,7,Valid
1009,Male,8,151648,98,Healthcare,8,6,Valid
1010,Male,69,61637,67,Unknown,0,5,Invalid
1011,Male,14,164659,59,Entertainment,1,6,Valid
1012,Female,80,125623,62,Executive,0,4,Valid
1013,Female,85,104054,22,Artist,8,4,Valid
1014,Male,88,83535,56,Artist,1,5,Valid
1015,Female,76,166245,13,Executive,7,3,Valid
1016,Female,32,100890,60,Entertainment,4,4,Valid
1017,Female,99,55972,83,Entertainment,1,7,Valid
1018,Female,85,134282,39,Artist,2,5,Valid
1019,Female,25,106669,22,Lawyer,1,7,Valid
1020,Female,99,145777,94,Executive,1,5,Valid
1021,Male,41,119259,91,Healthcare,1,5,Valid
1022,Female,1,150174,59,Artist,2,2,Valid
1023,Female,45,55472,51,Healthcare,1,3,Valid
1024,Male,55,99423,82,Healthcare,0,5,Valid
1025,Female,20,146221,25,Unknown,0,3,Invalid
1026,Female,33,84238,31,Artist,1,2,Valid
1027,Male,92,57032,75,Entertainment,1,5,Valid
1028,Male,93,88811,52,Engineer,0,4,Valid
1029,Male,60,167420,38,Artist,5,2,Valid
1030,Male,38,101846,17,Doctor,3,2,Valid
1031,Male,15,114061,87,Artist,2,5,Valid
1032,Male,74,147449,16,Artist,1,5,Valid
1033,Female,47,83043,76,Executive,0,1,Valid
1034,Female,96,168990,81,Doctor,9,5,Valid
1035,Male,97,73867,65,Healthcare,4,5,Valid
1036,Female,35,165772,51,Healthcare,1,4,Valid
1037,Female,19,178217,38,Unknown,0,3,Invalid
1038,Male,60,162612,98,Engineer,1,6,Valid
1039,Male,37,99872,53,Entertainment,11,3,Valid
1040,Female,49,142566,77,Artist,1,7,Valid
1041,Female,1,111424,80,Entertainment,8,5,Valid
1042,Male,43,187841,38,Artist,1,4,Valid
1043,Female,46,171921,50,Artist,1,6,Valid
1044,Female,65,115299,87,Artist,6,3,Valid
1045,Male,75,94129,27,Healthcare,6,7,Valid
1046,Male,40,172378,39,Entertainment,5,6,Valid
1047,Male,28,146597,31,Engineer,1,4,Valid
1048,Female,78,64057,44,Doctor,0,3,Valid
1049,Female,22,163585,49,Artist,9,5,Valid
1050,Male,6,93186,83,Entertainment,1,3,Valid
1051,Male,46,149764,1,Entertainment,0,6,Valid
1052,Male,17,116822,84,Doctor,1,3,Valid
1053,Female,46,109346,37,Entertainment,1,2,Valid
1054,Female,72,111587,99,Artist,7,4,Valid
1055,Female,38,166644,66,Artist,8,6,Valid
1056,Female,50,181270,56,Artist,1,1,Valid
1057,Male,47,65207,81,Healthcare,1,2,Valid
1058,Female,72,112146,21,Homemaker,8,4,Valid
1059,Male,8,104953,57,Doctor,1,6,Valid
1060,Female,34,139009,24,Artist,0,4,Valid
1061,Female,53,67916,82,Healthcare,0,6,Valid
1062,Female,82,99983,88,Executive,0,1,Valid
1063,Male,63,131122,40,Artist,9,6,Valid
1064,Female,58,173190,37,Doctor,9,4,Valid
1065,Male,23,122712,21,Unknown,1,1,Invalid
1066,Female,80,55792,30,Artist,1,6,Valid
1067,Male,45,73892,45,Doctor,1,4,Valid
1068,Female,30,78821,46,Unknown,1,4,Invalid
1069,Female,84,152475,12,Artist,0,7,Valid
1070,Male,45,152226,87,Artist,4,4,Valid
1071,Male,85,117679,18,Entertainment,1,3,Valid
1072,Male,23,146473,87,Artist,1,4,Valid
1073,Male,79,66051,75,Healthcare,1,7,Valid
1074,Male,47,162332,72,Entertainment,1,5,Valid
1075,Female,93,166018,71,Doctor,0,3,Valid
1076,Female,95,67398,81,Entertainment,2,5,Valid
1077,Male,44,73760,70,Entertainment,1,6,Valid
1078,Male,95,167578,66,Entertainment,0,1,Valid
1079,Male,28,130267,45,Engineer,8,4,Valid
1080,Male,91,94846,95,Engineer,0,5,Valid
1081,Female,81,155396,1,Engineer,9,5,Valid
1082,Female,90,138013,16,Artist,8,7,Valid
1083,Male,79,148286,77,Entertainment,0,4,Valid
1084,Female,6,101031,28,Artist,1,1,Valid
1085,Female,38,52884,24,Lawyer,1,1,Valid
1086,Male,87,153230,15,Healthcare,8,1,Valid
1087,Female,93,63261,13,Engineer,1,7,Valid
1088,Male,44,90167,84,Engineer,0,3,Valid
1089,Female,10,162076,78,Unknown,0,3,Invalid
1090,Female,84,53622,27,Artist,0,3,Valid
1091,Female,7,172913,94,Executive,3,4,Valid
1092,Female,41,94316,86,Artist,0,6,Valid
1093,Male,87,141383,3,Unknown,7,5,Invalid
1094,Female,33,67874,55,Artist,0,2,Valid
1095,Female,34,176554,62,Healthcare,1,2,Valid
1096,Female,53,135341,56,Healthcare,10,2,Valid
1097,Female,47,129019,57,Healthcare,0,3,Valid
1098,Male,53,107879,3,Doctor,1,6,Valid
1099,Male,92,79531,4,Artist,1,1,Valid
1100,Male,89,63379,59,Artist,12,7,Valid
1101,Female,27,156258,54,Entertainment,0,4,Valid
1102,Male,70,67874,41,Entertainment,9,3,Valid
1103,Female,86,159964,57,Engineer,5,6,Valid
1104,Female,99,103706,50,Entertainment,1,2,Valid
1105,Female,96,64713,84,Entertainment,2,7,Valid
1106,Female,65,90414,55,Artist,1,5,Valid
1107,Female,82,171100,34,Executive,0,5,Valid
1108,Male,36,187305,85,Engineer,6,7,Valid
1109,Female,30,139758,46,Lawyer,0,6,Valid
1110,Female,96,91226,56,Healthcare,0,5,Valid
1111,Female,69,143928,30,Engineer,9,7,Valid
1112,Female,34,92366,14,Healthcare,0,6,Valid
1113,Male,74,175041,25,Artist,4,1,Valid
1114,Male,97,147301,93,Lawyer,1,5,Valid
1115,Male,56,119296,49,Engineer,0,7,Valid
1116,Female,30,126306,44,Artist,0,1,Valid
1117,Male,13,100647,49,Executive,1,3,Valid
1118,Female,95,168663,16,Engineer,11,5,Valid
1119,Female,2,105391,42,Executive,1,7,Valid
1120,Female,78,175179,43,Executive,9,4,Valid
1121,Female,54,165019,12,Entertainment,1,2,Valid
1122,Female,85,68212,26,Healthcare,7,4,Valid
1123,Male,13,64572,71,Artist,1,2,Valid
1124,Female,85,92591,99,Artist,8,2,Valid
1125,Female,41,69730,97,Artist,1,4,Valid
1126,Female,25,156793,57,Unknown,2,4,Invalid
1127,Female,74,56848,41,Artist,5,1,Valid
1128,Male,8,148450,55,Healthcare,0,6,Valid
1129,Male,62,150619,32,Artist,10,6,Valid
1130,Male,52,100261,10,Artist,1,6,Valid
1131,Female,36,109895,56,Healthcare,5,2,Valid
1132,Male,11,152684,24,Lawyer,0,3,Valid
1133,Female,84,133765,83,Artist,1,3,Valid
1134,Female,99,57677,99,Lawyer,0,5,Valid
1135,Female,51,112358,27,Artist,0,6,Valid
1136,Female,57,73845,52,Artist,1,7,Valid
1137,Male,92,89531,42,Healthcare,6,2,Valid
1138,Male,29,118092,100,Entertainment,7,3,Valid
1139,Male,62,144242,49,Entertainment,1,4,Valid
1140,Female,43,140876,90,Entertainment,0,4,Valid
1141,Male,72,76888,26,Unknown,0,1,Invalid
1142,Female,28,116644,88,Artist,6,3,Valid
1143,Female,57,143021,3,Executive,5,4,Valid
1144,Female,86,145679,91,Lawyer,9,6,Valid
1145,Female,26,64398,7,Lawyer,1,6,Valid
1146,Female,13,104512,40,Unknown,9,3,Invalid
1147,Male,1,71564,68,Artist,1,5,Valid
1148,Female,89,122707,64,Homemaker,2,3,Valid
1149,Female,91,51733,96,Healthcare,0,5,Valid
1150,Female,67,138087,63,Unknown,1,7,Invalid
1151,Male,63,147278,51,Lawyer,0,4,Valid
1152,Female,90,187339,62,Healthcare,0,6,Valid
1153,Female,87,129972,97,Executive,1,6,Valid
1154,Female,89,151176,55,Healthcare,1,2,Valid
1155,Female,34,74358,60,Artist,0,6,Valid
1156,Male,89,83953,82,Healthcare,0,3,Valid
1157,Male,31,62925,24,Engineer,1,6,Valid
1158,Male,55,65257,93,Doctor,2,3,Valid
1159,Female,3,188557,4,Healthcare,9,2,Valid
1160,Male,64,163783,84,Healthcare,3,1,Valid
1161,Female,1,108342,97,Doctor,0,3,Valid
1162,Female,20,155951,21,Healthcare,7,4,Valid
1163,Female,18,183071,29,Artist,7,4,Valid
1164,Female,83,124104,20,Healthcare,4,6,Valid
1165,Female,21,136747,3,Healthcare,1,1,Valid
1166,Male,19,189498,18,Artist,4,1,Valid
1167,Female,74,76149,48,Artist,9,6,Valid
1168,Female,44,185550,54,Artist,0,1,Valid
1169,Female,52,119567,19,Artist,5,2,Valid
1170,Female,14,79806,30,Engineer,1,6,Valid
1171,Male,10,180774,66,Entertainment,1,5,Valid
1172,Female,80,90142,50,Lawyer,1,2,Valid
1173,Female,82,184481,84,Executive,0,2,Valid
1174,Female,32,66089,75,Artist,6,3,Valid
1175,Female,16,60044,83,Artist,4,1,Valid
1176,Male,61,52543,23,Executive,0,6,Valid
1177,Male,57,50429,23,Artist,0,1,Valid
1178,Male,95,178228,45,Engineer,1,2,Valid
1179,Female,38,161130,98,Artist,8,3,Valid
1180,Male,70,87976,38,Lawyer,1,6,Valid
1181,Female,40,179150,91,Artist,5,2,Valid
1182,Female,92,163442,32,Executive,1,6,Valid
1183,Female,73,108159,18,Entertainment,8,7,Valid
1184,Female,62,73419,14,Healthcare,0,1,Valid
1185,Female,12,138425,78,Doctor,11,6,Valid
1186,Male,65,54431,93,Healthcare,1,7,Valid
1187,Female,88,168437,81,Artist,2,2,Valid
1188,Female,55,71322,54,Entertainment,1,6,Valid
1189,Female,99,122548,14,Unknown,2,5,Invalid
1190,Female,20,141428,32,Entertainment,1,5,Valid
1191,Male,97,142214,32,Artist,7,4,Valid
1192,Female,93,62590,43,Artist,9,6,Valid
1193,Male,84,172523,83,Artist,6,2,Valid
1194,Female,16,157588,76,Executive,2,6,Valid
1195,Female,10,143313,57,Doctor,4,7,Valid
1196,Female,59,119833,38,Doctor,1,2,Valid
1197,Female,54,70803,35,Entertainment,0,5,Valid
1198,Male,82,139008,47,Artist,1,4,Valid
1199,Male,83,126669,53,Artist,1,6,Valid
1200,Male,87,122722,10,Executive,9,4,Valid
1201,Male,1,79800,47,Artist,0,1,Valid
1202,Male,89,100155,5,Healthcare,6,1,Valid
1203,Female,32,110846,49,Artist,0,2,Valid
1204,Female,1,106841,69,Entertainment,0,3,Valid
1205,Female,54,117181,66,Doctor,12,5,Valid
1206,Female,56,86898,76,Healthcare,0,6,Valid
1207,Female,31,143241,81,Executive,4,7,Valid
1208,Female,26,146028,33,Healthcare,0,5,Valid
1209,Male,7,165287,65,Doctor,1,3,Valid
1210,Female,60,132486,9,Artist,1,2,Valid
1211,Male,92,96424,74,Artist,8,5,Valid
1212,Female,93,151468,41,Artist,1,5,Valid
1213,Female,8,76561,79,Healthcare,0,1,Valid
1214,Female,81,125316,81,Lawyer,0,6,Valid
1215,Male,21,109373,22,Entertainment,4,2,Valid
1216,Male,96,135042,12,Artist,0,7,Valid
1217,Female,78,59784,81,Artist,3,3,Valid
1218,Male,86,140687,63,Artist,1,2,Valid
1219,Male,1,182927,55,Healthcare,1,1,Valid
1220,Female,62,175534,44,Artist,1,6,Valid
1221,Male,68,170957,6,Lawyer,1,3,Valid
1222,Male,70,81197,76,Artist,0,4,Valid
1223,Female,21,104888,8,Healthcare,0,4,Valid
1224,Male,74,184838,18,Unknown,8,5,Invalid
1225,Female,62,139588,66,Executive,0,2,Valid
1226,Male,22,126543,45,Homemaker,0,3,Valid
1227,Female,87,177260,45,Entertainment,14,2,Valid
1228,Male,44,156823,42,Healthcare,9,5,Valid
1229,Female,27,183201,52,Engineer,8,6,Valid
1230,Female,95,84925,46,Artist,4,6,Valid
1231,Male,89,69719,47,Artist,9,2,Valid
1232,Female,41,61355,13,Healthcare,1,3,Valid
1233,Male,41,156014,49,Doctor,14,5,Valid
1234,Male,21,184088,21,Entertainment,11,7,Valid
1235,Female,59,158372,98,Artist,1,1,Valid
1236,Female,64,135742,67,Healthcare,1,7,Valid
1237,Female,38,145704,82,Unknown,0,4,Invalid
1238,Female,70,157307,23,Executive,4,3,Valid
1239,Female,25,88064,73,Executive,1,5,Valid
1240,Female,3,167226,59,Homemaker,3,1,Valid
1241,Female,70,153821,8,Unknown,1,4,Invalid
1242,Male,29,170669,78,Doctor,9,5,Valid
1243,Male,88,93555,13,Artist,3,3,Valid
1244,Female,20,101941,18,Healthcare,1,3,Valid
1245,Female,58,78795,44,Engineer,0,6,Valid
1246,Female,70,55875,94,Engineer,0,5,Valid
1247,Female,44,177513,81,Lawyer,1,5,Valid
1248,Female,87,100850,83,Doctor,0,3,Valid
1249,Female,0,143082,63,Entertainment,0,7,Valid
1250,Female,96,85447,4,Artist,9,6,Valid
1251,Female,75,114213,33,Doctor,9,4,Valid
1252,Male,14,161120,69,Executive,0,1,Valid
1253,Female,8,186682,86,Entertainment,1,1,Valid
1254,Male,58,105302,75,Doctor,0,3,Valid
1255,Female,5,133400,47,Engineer,0,6,Valid
1256,Male,70,56432,23,Engineer,0,5,Valid
1257,Female,49,136467,72,Healthcare,3,3,Valid
1258,Male,60,189945,20,Engineer,0,5,Valid
1259,Female,25,163966,48,Lawyer,1,5,Valid
1260,Male,47,52152,17,Artist,0,3,Valid
1261,Male,53,145720,62,Homemaker,12,7,Valid
1262,Male,24,188034,61,Healthcare,1,5,Valid
1263,Female,46,127911,3,Homemaker,9,2,Valid
1264,Female,70,174114,31,Lawyer,1,1,Valid
1265,Male,53,144489,10,Artist,14,3,Valid
1266,Male,63,77440,47,Lawyer,0,5,Valid
1267,Female,24,86119,44,Artist,1,6,Valid
1268,Female,5,100056,49,Entertainment,1,3,Valid
1269,Male,7,66686,50,Artist,8,7,Valid
1270,Female,71,74696,41,Doctor,1,6,Valid
1271,Male,23,65641,50,Entertainment,4,5,Valid
1272,Female,0,61228,81,Entertainment,1,6,Valid
1273,Female,2,138529,87,Healthcare,0,4,Valid
1274,Female,72,152405,4,Artist,1,4,Valid
1275,Male,18,157757,84,Doctor,0,4,Valid
1276,Male,11,166361,59,Engineer,6,4,Valid
1277,Female,95,67227,30,Artist,1,7,Valid
1278,Male,20,161156,88,Engineer,0,4,Valid
1279,Female,58,170647,70,Healthcare,1,7,Valid
1280,Female,67,161646,36,Healthcare,0,2,Valid
1281,Male,43,98016,18,Healthcare,9,6,Valid
1282,Male,36,50526,19,Artist,0,6,Valid
1283,Male,2,175208,43,Executive,8,4,Valid
1284,Female,35,97721,48,Engineer,0,7,Valid
1285,Female,81,142013,81,Entertainment,3,4,Valid
1286,Male,84,166737,76,Artist,0,3,Valid
1287,Female,18,62651,13,Entertainment,0,2,Valid
1288,Female,54,179546,4,Homemaker,8,4,Valid
1289,Female,98,51866,81,Artist,12,7,Valid
1290,Female,75,86297,42,Executive,9,4,Valid
1291,Female,98,65031,23,Artist,0,4,Valid
1292,Male,94,69383,25,Entertainment,0,2,Valid
1293,Male,24,70733,63,Artist,5,3,Valid
1294,Female,47,187898,89,Artist,6,2,Valid
1295,Female,40,116001,55,Engineer,1,4,Valid
1296,Male,68,87040,4,Artist,9,1,Valid
1297,Female,18,180956,74,Artist,2,2,Valid
1298,Female,83,115517,82,Healthcare,0,6,Valid
1299,Male,34,76979,46,Lawyer,1,3,Valid
1300,Male,81,50798,56,Artist,10,5,Valid
1301,Female,61,146350,43,Artist,1,3,Valid
1302,Female,77,81112,61,Healthcare,5,3,Valid
1303,Male,52,80605,20,Doctor,1,6,Valid
1304,Male,40,171949,11,Doctor,1,6,Valid
1305,Male,93,159006,26,Artist,8,6,Valid
1306,Female,45,177368,96,Healthcare,1,2,Valid
1307,Female,83,187643,3,Artist,1,1,Valid
1308,Male,23,93841,25,Lawyer,0,7,Valid
1309,Male,15,131061,92,Healthcare,0,7,Valid
1310,Male,79,146130,20,Entertainment,6,6,Valid
1311,Male,80,84471,79,Doctor,1,5,Valid
1312,Female,35,144485,15,Entertainment,0,4,Valid
1313,Female,39,158638,78,Healthcare,2,5,Valid
1314,Male,4,96693,28,Entertainment,0,4,Valid
1315,Female,83,129507,93,Healthcare,4,7,Valid
1316,Female,94,114510,39,Healthcare,0,4,Valid
1317,Female,33,109396,17,Unknown,1,2,Invalid
1318,Female,12,149031,96,Artist,10,5,Valid
1319,Female,77,66256,13,Lawyer,1,2,Valid
1320,Female,48,118285,69,Doctor,8,4,Valid
1321,Male,97,128723,58,Artist,4,5,Valid
1322,Female,28,178285,91,Artist,4,7,Valid
1323,Female,99,144176,74,Unknown,7,2,Invalid
1324,Male,27,82474,31,Artist,9,3,Valid
1325,Female,95,159010,84,Lawyer,6,2,Valid
1326,Female,6,76164,83,Artist,6,2,Valid
1327,Male,18,77873,49,Executive,6,5,Valid
1328,Male,42,53392,89,Artist,6,4,Valid
1329,Male,50,168898,41,Artist,9,7,Valid
1330,Male,86,128917,7,Homemaker,5,5,Valid
1331,Male,69,185067,49,Lawyer,5,4,Valid
1332,Male,23,132183,76,Artist,10,3,Valid
1333,Female,82,82060,46,Healthcare,7,1,Valid
1334,Female,97,133614,58,Artist,7,4,Valid
1335,Male,42,94844,64,Unknown,7,6,Invalid
1336,Female,75,76474,5,Doctor,5,5,Valid
1337,Female,14,94655,9,Healthcare,8,1,Valid
1338,Male,3,60933,30,Doctor,8,1,Valid
1339,Male,16,79257,82,Healthcare,6,2,Valid
1340,Female,45,125677,36,Entertainment,5,2,Valid
1341,Female,23,127971,56,Artist,1,5,Valid
1342,Male,38,76103,62,Executive,9,3,Valid
1343,Female,45,114741,96,Artist,0,5,Valid
1344,Female,82,157994,92,Artist,1,1,Valid
1345,Male,73,93786,44,Entertainment,3,1,Valid
1346,Male,36,75178,41,Entertainment,1,7,Valid
1347,Male,13,175267,81,Healthcare,1,4,Valid
1348,Female,96,99263,100,Healthcare,8,1,Valid
1349,Female,83,52590,3,Healthcare,0,4,Valid
1350,Male,33,170959,75,Artist,0,4,Valid
1351,Male,68,135076,60,Engineer,1,5,Valid
1352,Male,88,167112,34,Lawyer,0,1,Valid
1353,Female,87,184639,12,Doctor,1,6,Valid
1354,Female,88,172369,80,Artist,6,6,Valid
1355,Female,43,124256,67,Unknown,1,7,Invalid
1356,Female,64,89972,92,Artist,10,6,Valid
1357,Male,96,67799,42,Entertainment,1,6,Valid
1358,Female,72,176074,70,Doctor,1,7,Valid
1359,Male,48,167517,27,Artist,2,7,Valid
1360,Female,64,77914,11,Artist,1,6,Valid
1361,Female,8,57605,81,Doctor,0,2,Valid
1362,Female,52,86365,70,Engineer,1,7,Valid
1363,Male,3,93883,39,Healthcare,1,2,Valid
1364,Female,44,131091,62,Artist,4,1,Valid
1365,Male,14,87222,14,Healthcare,8,4,Valid
1366,Female,50,117076,45,Doctor,1,2,Valid
1367,Male,53,150925,1,Healthcare,1,2,Valid
1368,Female,31,149379,100,Lawyer,0,3,Valid
1369,Female,31,138644,94,Engineer,4,3,Valid
1370,Male,97,148493,42,Doctor,4,7,Valid
1371,Male,27,84658,66,Lawyer,4,6,Valid
1372,Male,2,111618,99,Lawyer,6,5,Valid
1373,Male,81,108759,60,Artist,7,6,Valid
1374,Male,64,186203,73,Artist,10,5,Valid
1375,Female,11,147258,59,Lawyer,10,2,Valid
1376,Female,78,132983,67,Healthcare,7,7,Valid
1377,Male,72,149092,39,Engineer,8,1,Valid
1378,Male,36,163845,84,Doctor,5,7,Valid
1379,Male,97,117777,67,Artist,5,5,Valid
1380,Male,88,131584,18,Artist,7,3,Valid
1381,Female,21,123904,91,Artist,7,5,Valid
1382,Female,62,89801,88,Artist,5,4,Valid
1383,Male,73,173466,57,Entertainment,10,5,Valid
1384,Female,34,55690,4,Unknown,4,6,Invalid
1385,Female,50,104467,72,Unknown,5,1,Invalid
1386,Male,39,100419,19,Artist,5,4,Valid
1387,Female,82,62951,47,Lawyer,8,2,Valid
1388,Male,39,118554,1,Lawyer,4,6,Valid
1389,Female,13,140673,49,Artist,6,7,Valid
1390,Female,68,75561,87,Healthcare,5,3,Valid
1391,Female,77,147306,50,Healthcare,6,6,Valid
1392,Female,35,111871,30,Doctor,10,1,Valid
1393,Male,5,112884,43,Healthcare,0,6,Valid
1394,Female,47,121267,58,Engineer,1,1,Valid
1395,Female,48,151519,93,Artist,7,2,Valid
1396,Female,34,105448,40,Artist,0,5,Valid
1397,Female,20,92048,91,Healthcare,1,1,Valid
1398,Male,61,99980,94,Healthcare,10,1,Valid
1399,Male,16,84003,68,Artist,9,6,Valid
1400,Male,2,110889,95,Executive,1,2,Valid
1401,Female,52,82478,95,Executive,10,1,Valid
1402,Male,99,139685,20,Healthcare,1,4,Valid
1403,Female,84,182374,62,Entertainment,0,6,Valid
1404,Female,58,119366,94,Engineer,4,2,Valid
1405,Female,91,53788,57,Doctor,0,2,Valid
1406,Female,1,90341,92,Doctor,0,2,Valid
1407,Female,67,118348,94,Engineer,1,7,Valid
1408,Male,56,137428,87,Artist,0,2,Valid
1409,Female,62,106982,53,Entertainment,1,7,Valid
1410,Female,12,98532,52,Doctor,0,6,Valid
1411,Female,38,120825,24,Executive,9,7,Valid
1412,Female,51,58006,83,Executive,1,5,Valid
1413,Male,20,106941,73,Artist,1,1,Valid
1414,Male,43,129782,31,Entertainment,1,2,Valid
1415,Male,93,121513,90,Engineer,0,6,Valid
1416,Female,54,79925,30,Healthcare,0,3,Valid
1417,Male,23,112089,74,Healthcare,7,7,Valid
1418,Female,1,138656,27,Unknown,3,4,Invalid
1419,Female,64,146794,90,Healthcare,8,3,Valid
1420,Female,55,75033,30,Engineer,5,5,Valid
1421,Female,85,149969,78,Executive,0,6,Valid
1422,Female,20,124852,39,Healthcare,5,5,Valid
1423,Male,73,154837,42,Executive,8,4,Valid
1424,Female,53,145678,55,Executive,0,1,Valid
1425,Female,7,137354,89,Artist,8,7,Valid
1426,Female,50,136660,48,Entertainment,1,3,Valid
1427,Female,12,63334,99,Artist,0,6,Valid
1428,Male,37,62893,29,Executive,1,5,Valid
1429,Male,78,163514,89,Doctor,9,2,Valid
1430,Male,29,145934,40,Unknown,10,2,Invalid
1431,Female,54,119223,58,Lawyer,10,7,Valid
1432,Male,89,127479,18,Doctor,10,2,Valid
1433,Female,25,136146,98,Artist,6,6,Valid
1434,Female,14,76001,46,Artist,7,3,Valid
1435,Female,12,84885,24,Healthcare,6,2,Valid
1436,Female,18,82812,1,Artist,6,2,Valid
1437,Male,74,51260,43,Entertainment,5,5,Valid
1438,Male,21,159572,42,Healthcare,5,5,Valid
1439,Male,9,130186,88,Artist,9,7,Valid
1440,Female,49,176954,57,Artist,5,6,Valid
1441,Male,58,85908,99,Artist,5,4,Valid
1442,Female,16,75831,5,Healthcare,10,7,Valid
1443,Female,55,123045,56,Engineer,7,3,Valid
1444,Female,31,161211,10,Lawyer,9,1,Valid
1445,Female,59,81702,27,Unknown,6,4,Invalid
1446,Female,25,173043,3,Artist,8,6,Valid
1447,Male,63,126380,90,Artist,6,1,Valid
1448,Female,60,128205,27,Healthcare,6,5,Valid
1449,Female,41,181355,73,Artist,10,3,Valid
1450,Female,84,97931,70,Healthcare,9,7,Valid
1451,Male,72,146432,25,Artist,6,1,Valid
1452,Female,97,125731,41,Artist,6,4,Valid
1453,Female,43,132701,70,Healthcare,5,2,Valid
1454,Female,63,116095,8,Artist,5,1,Valid
1455,Female,7,135773,42,Artist,9,5,Valid
1456,Male,54,136417,45,Healthcare,9,6,Valid
1457,Male,27,80783,82,Artist,9,3,Valid
1458,Male,28,182580,60,Executive,6,6,Valid
1459,Female,84,143567,48,Artist,7,2,Valid
1460,Male,71,85908,85,Entertainment,5,4,Valid
1461,Female,88,139806,99,Entertainment,4,4,Valid
1462,Female,75,77269,24,Artist,8,1,Valid
1463,Female,96,105968,65,Engineer,4,5,Valid
1464,Female,83,125660,19,Engineer,10,4,Valid
1465,Female,86,98444,76,Entertainment,7,4,Valid
1466,Male,60,179503,9,Artist,4,3,Valid
1467,Female,5,60575,14,Engineer,5,2,Valid
1468,Female,65,75685,19,Unknown,7,3,Invalid
1469,Female,49,85374,45,Artist,8,5,Valid
1470,Female,78,128642,19,Unknown,5,6,Invalid
1471,Male,25,182292,78,Artist,7,5,Valid
1472,Female,5,124702,94,Artist,10,3,Valid
1473,Female,58,127833,2,Artist,7,7,Valid
1474,Female,80,178866,97,Artist,8,4,Valid
1475,Female,94,183643,51,Artist,5,5,Valid
1476,Male,62,113306,4,Executive,5,6,Valid
1477,Male,20,84008,77,Artist,8,4,Valid
1478,Male,85,85758,35,Lawyer,10,4,Valid
1479,Female,72,63128,45,Engineer,8,7,Valid
1480,Male,95,70174,6,Executive,10,6,Valid
1481,Female,97,170133,42,Engineer,5,5,Valid
1482,Female,25,165978,42,Artist,7,3,Valid
1483,Female,17,149727,78,Artist,7,3,Valid
1484,Female,19,147052,86,Unknown,9,4,Invalid
1485,Female,59,113389,79,Doctor,4,6,Valid
1486,Male,30,111690,73,Entertainment,10,4,Valid
1487,Female,63,184830,60,Doctor,9,3,Valid
1488,Female,23,91549,23,Artist,4,3,Valid
1489,Female,97,94629,17,Unknown,6,3,Invalid
1490,Female,97,167558,99,Artist,4,7,Valid
1491,Male,94,119189,57,Artist,9,3,Valid
1492,Female,28,96207,67,Artist,5,5,Valid
1493,Male,21,85339,6,Doctor,4,7,Valid
1494,Female,25,111942,7,Artist,5,5,Valid
1495,Female,48,157003,45,Engineer,5,4,Valid
1496,Female,53,117123,23,Artist,9,7,Valid
1497,Female,97,172747,76,Artist,7,2,Valid
1498,Male,33,157358,52,Healthcare,7,4,Valid
1499,Male,5,156655,20,Entertainment,4,5,Valid
1500,Male,72,166043,93,Doctor,7,6,Valid
1501,Male,40,67768,15,Doctor,10,6,Valid
1502,Male,34,171353,34,Doctor,8,4,Valid
1503,Female,63,116971,76,Executive,7,5,Valid
1504,Female,85,97822,38,Doctor,5,3,Valid
1505,Female,86,117203,83,Healthcare,10,3,Valid
1506,Female,63,88720,100,Artist,10,1,Valid
1507,Female,9,173233,18,Unknown,5,1,Invalid
1508,Female,76,139447,36,Artist,8,7,Valid
1509,Male,19,179269,93,Entertainment,6,3,Valid
1510,Female,84,136254,90,Engineer,5,6,Valid
1511,Male,38,174594,56,Executive,8,2,Valid
1512,Female,1,100429,19,Entertainment,9,1,Valid
1513,Female,30,73107,48,Artist,9,1,Valid
1514,Female,86,98344,25,Artist,6,6,Valid
1515,Male,21,163509,21,Healthcare,10,1,Valid
1516,Male,15,116204,16,Engineer,8,2,Valid
1517,Female,87,95853,53,Healthcare,9,1,Valid
1518,Male,40,156411,70,Artist,6,5,Valid
1519,Male,2,72889,36,Homemaker,5,7,Valid
1520,Female,63,106691,79,Healthcare,9,3,Valid
1521,Male,26,144832,42,Artist,5,3,Valid
1522,Male,29,132297,53,Entertainment,8,1,Valid
1523,Female,7,170345,3,Executive,9,5,Valid
1524,Male,28,157383,13,Lawyer,8,2,Valid
1525,Female,99,150782,18,Executive,8,2,Valid
1526,Male,69,143987,87,Healthcare,10,5,Valid
1527,Female,13,129659,59,Entertainment,6,7,Valid
1528,Male,73,104826,36,Healthcare,5,1,Valid
1529,Female,4,181471,59,Healthcare,10,4,Valid
1530,Female,42,152547,56,Artist,7,4,Valid
1531,Male,43,85347,9,Doctor,1,1,Valid
1532,Female,79,122828,32,Executive,0,5,Valid
1533,Male,18,107794,17,Engineer,0,5,Valid
1534,Male,39,152566,11,Entertainment,1,7,Valid
1535,Female,41,91715,99,Entertainment,0,3,Valid
1536,Female,60,99222,48,Artist,1,6,Valid
1537,Female,39,70280,99,Engineer,0,4,Valid
1538,Female,90,70030,86,Healthcare,1,2,Valid
1539,Female,83,102083,24,Artist,1,1,Valid
1540,Female,92,166163,87,Engineer,8,5,Valid
1541,Female,6,182871,27,Engineer,8,6,Valid
1542,Male,50,187545,61,Executive,4,6,Valid
1543,Male,90,182910,86,Entertainment,0,1,Valid
1544,Female,13,174530,30,Lawyer,1,6,Valid
1545,Female,27,115438,37,Artist,0,6,Valid
1546,Female,93,93964,80,Artist,4,2,Valid
1547,Female,61,180341,75,Healthcare,1,3,Valid
1548,Female,91,107323,1,Engineer,7,7,Valid
1549,Female,79,119435,55,Entertainment,0,7,Valid
1550,Female,80,68341,22,Artist,13,6,Valid
1551,Female,16,95365,60,Artist,0,5,Valid
1552,Male,4,131093,79,Lawyer,1,7,Valid
1553,Female,34,100621,3,Healthcare,1,1,Valid
1554,Male,10,116521,47,Doctor,0,2,Valid
1555,Female,3,136316,88,Executive,0,3,Valid
1556,Male,96,172039,51,Lawyer,0,6,Valid
1557,Female,48,70844,22,Entertainment,0,3,Valid
1558,Male,25,100964,96,Unknown,1,6,Invalid
1559,Female,98,128037,39,Entertainment,6,2,Valid
1560,Male,84,97081,75,Unknown,1,3,Invalid
1561,Male,88,92247,47,Unknown,0,6,Invalid
1562,Male,86,129914,92,Artist,1,3,Valid
1563,Female,0,94014,53,Engineer,9,5,Valid
1564,Female,56,138864,93,Artist,0,5,Valid
1565,Male,6,169299,46,Unknown,1,5,Invalid
1566,Male,2,119097,40,Healthcare,0,7,Valid
1567,Female,73,68161,23,Doctor,1,2,Valid
1568,Female,38,181108,32,Homemaker,1,1,Valid
1569,Male,37,87764,59,Engineer,9,7,Valid
1570,Female,41,102543,54,Artist,7,3,Valid
1571,Male,94,139417,13,Artist,1,3,Valid
1572,Female,57,81802,29,Homemaker,9,1,Valid
1573,Female,96,102788,51,Artist,0,1,Valid
1574,Female,59,163179,19,Healthcare,1,7,Valid
1575,Male,87,71318,22,Healthcare,1,3,Valid
1576,Male,55,63683,34,Healthcare,3,1,Valid
1577,Female,16,189689,37,Healthcare,8,5,Valid
1578,Male,82,121610,36,Artist,0,5,Valid
1579,Female,83,150682,25,Artist,1,1,Valid
1580,Female,96,124550,46,Unknown,0,3,Invalid
1581,Male,55,148875,99,Artist,0,4,Valid
1582,Male,6,107117,44,Artist,1,3,Valid
1583,Male,33,109223,43,Engineer,1,5,Valid
1584,Female,0,120899,7,Unknown,2,6,Invalid
1585,Female,27,101948,31,Artist,0,5,Valid
1586,Male,72,143169,58,Engineer,0,4,Valid
1587,Female,13,167619,4,Healthcare,7,6,Valid
1588,Female,19,181795,59,Healthcare,3,5,Valid
1589,Female,48,186445,41,Engineer,0,1,Valid
1590,Female,58,102205,24,Artist,1,1,Valid
1591,Female,21,52326,69,Healthcare,0,2,Valid
1592,Male,91,82992,5,Entertainment,1,5,Valid
1593,Male,44,145520,55,Homemaker,1,7,Valid
1594,Female,80,104820,96,Artist,2,4,Valid
1595,Female,28,69025,79,Entertainment,0,2,Valid
1596,Male,74,164976,89,Entertainment,0,4,Valid
1597,Female,79,178576,51,Executive,5,5,Valid
1598,Female,42,72415,52,Unknown,0,5,Invalid
1599,Male,80,112146,24,Entertainment,0,3,Valid
1600,Male,8,144830,43,Artist,0,1,Valid
1601,Female,24,51661,79,Entertainment,0,7,Valid
1602,Female,71,152910,90,Artist,1,6,Valid
1603,Male,1,114556,64,Entertainment,0,7,Valid
1604,Male,0,143455,62,Healthcare,1,6,Valid
1605,Male,30,173096,92,Healthcare,0,3,Valid
1606,Female,52,121172,97,Healthcare,5,4,Valid
1607,Female,34,56492,15,Homemaker,8,1,Valid
1608,Male,64,156422,39,Entertainment,1,7,Valid
1609,Male,17,131863,94,Artist,1,7,Valid
1610,Male,71,118096,36,Lawyer,0,3,Valid
1611,Male,87,149685,30,Executive,9,6,Valid
1612,Female,68,89765,28,Artist,0,7,Valid
1613,Female,14,177701,49,Entertainment,0,6,Valid
1614,Male,24,64738,67,Artist,0,6,Valid
1615,Female,10,92734,28,Lawyer,1,4,Valid
1616,Female,53,146877,47,Healthcare,4,3,Valid
1617,Female,39,62935,60,Artist,0,7,Valid
1618,Female,16,67178,17,Entertainment,8,3,Valid
1619,Female,64,115754,35,Engineer,1,3,Valid
1620,Female,41,186470,21,Artist,0,7,Valid
1621,Male,16,100939,34,Healthcare,7,6,Valid
1622,Female,94,86172,55,Artist,4,4,Valid
1623,Female,40,184222,17,Healthcare,0,2,Valid
1624,Male,81,71543,1,Entertainment,1,4,Valid
1625,Female,18,174836,63,Healthcare,0,4,Valid
1626,Female,78,130706,72,Unknown,3,6,Invalid
1627,Male,8,74407,100,Doctor,0,6,Valid
1628,Male,64,130055,46,Healthcare,2,1,Valid
1629,Male,45,88707,81,Healthcare,0,5,Valid
1630,Male,99,162762,52,Healthcare,1,1,Valid
1631,Male,59,154821,77,Doctor,0,2,Valid
1632,Male,53,57248,66,Lawyer,5,5,Valid
1633,Female,66,99902,54,Engineer,10,2,Valid
1634,Female,1,165711,50,Artist,1,2,Valid
1635,Male,73,97455,55,Unknown,6,4,Invalid
1636,Female,34,93866,43,Entertainment,9,2,Valid
1637,Female,1,141307,17,Healthcare,1,3,Valid
1638,Male,73,172011,9,Doctor,1,5,Valid
1639,Male,90,68138,18,Healthcare,2,7,Valid
1640,Female,32,123246,100,Homemaker,8,6,Valid
1641,Female,47,124194,32,Doctor,1,7,Valid
1642,Male,15,188696,87,Homemaker,8,3,Valid
1643,Female,78,91213,84,Lawyer,3,5,Valid
1644,Female,83,166650,99,Healthcare,1,3,Valid
1645,Male,2,52727,60,Artist,1,3,Valid
1646,Male,75,126469,86,Entertainment,1,2,Valid
1647,Male,45,138775,17,Executive,0,7,Valid
1648,Female,49,68901,70,Doctor,7,7,Valid
1649,Female,41,118621,7,Homemaker,0,7,Valid
1650,Male,34,109263,77,Entertainment,0,1,Valid
1651,Male,82,150012,83,Healthcare,3,6,Valid
1652,Male,37,133850,85,Unknown,9,3,Invalid
1653,Female,25,81640,95,Entertainment,1,6,Valid
1654,Female,52,133214,1,Unknown,9,7,Invalid
1655,Female,23,186723,42,Entertainment,8,5,Valid
1656,Female,96,92100,23,Artist,9,3,Valid
1657,Male,5,64484,10,Homemaker,0,5,Valid
1658,Female,47,69024,3,Healthcare,4,5,Valid
1659,Male,81,171194,55,Artist,0,5,Valid
1660,Female,4,183282,34,Artist,1,1,Valid
1661,Female,8,100099,74,Healthcare,1,3,Valid
1662,Female,35,164435,26,Lawyer,1,3,Valid
1663,Male,67,172407,60,Doctor,9,3,Valid
1664,Female,9,84781,14,Executive,1,3,Valid
1665,Male,82,186130,61,Lawyer,3,7,Valid
1666,Female,2,56782,10,Artist,9,5,Valid
1667,Male,95,137206,4,Artist,0,4,Valid
1668,Female,9,146950,92,Doctor,6,5,Valid
1669,Female,99,174275,4,Healthcare,0,2,Valid
1670,Male,96,97705,41,Homemaker,8,2,Valid
1671,Male,92,188984,69,Lawyer,1,4,Valid
1672,Male,24,119238,55,Artist,1,3,Valid
1673,Male,58,87923,19,Entertainment,0,5,Valid
1674,Male,15,128573,97,Executive,1,1,Valid
1675,Female,13,132374,96,Unknown,0,3,Invalid
1676,Female,51,135164,75,Artist,9,3,Valid
1677,Male,9,165194,10,Artist,8,3,Valid
1678,Male,0,126060,92,Doctor,1,3,Valid
1679,Male,67,89366,55,Healthcare,9,3,Valid
1680,Male,58,95172,77,Healthcare,1,5,Valid
1681,Female,55,95975,49,Executive,0,1,Valid
1682,Female,52,165573,59,Healthcare,0,7,Valid
1683,Male,83,180887,59,Entertainment,1,1,Valid
1684,Female,83,142720,86,Executive,0,1,Valid
1685,Female,90,113460,54,Lawyer,1,7,Valid
1686,Male,87,110434,20,Artist,7,3,Valid
1687,Female,67,146016,38,Artist,1,6,Valid
1688,Male,81,101073,67,Executive,0,7,Valid
1689,Female,36,62617,10,Artist,9,3,Valid
1690,Female,51,96028,37,Artist,0,5,Valid
1691,Female,31,186334,37,Artist,0,1,Valid
1692,Female,57,163473,52,Artist,0,1,Valid
1693,Male,83,89819,59,Artist,4,2,Valid
1694,Female,51,69388,33,Engineer,3,4,Valid
1695,Female,15,134748,76,Unknown,1,6,Invalid
1696,Female,18,149915,94,Doctor,14,1,Valid
1697,Female,88,104098,48,Healthcare,1,6,Valid
1698,Male,70,80160,10,Artist,8,5,Valid
1699,Male,9,124125,91,Artist,1,2,Valid
1700,Male,6,170226,31,Lawyer,0,3,Valid
1701,Female,8,53306,98,Engineer,0,2,Valid
1702,Male,55,103933,31,Executive,6,3,Valid
1703,Female,69,85401,10,Entertainment,4,6,Valid
1704,Female,18,53812,32,Homemaker,9,5,Valid
1705,Female,13,60771,50,Entertainment,1,7,Valid
1706,Female,69,56398,75,Entertainment,8,3,Valid
1707,Female,69,171118,91,Engineer,9,3,Valid
1708,Male,69,79806,73,Healthcare,0,5,Valid
1709,Female,89,150187,35,Healthcare,0,5,Valid
1710,Female,45,129455,14,Lawyer,0,3,Valid
1711,Female,75,116813,72,Entertainment,10,6,Valid
1712,Female,54,95734,39,Homemaker,8,7,Valid
1713,Male,33,76654,48,Artist,4,1,Valid
1714,Male,67,86289,96,Artist,1,5,Valid
1715,Male,26,176147,19,Healthcare,0,1,Valid
1716,Female,5,142351,97,Entertainment,0,7,Valid
1717,Male,65,186673,51,Doctor,1,1,Valid
1718,Female,94,131521,62,Artist,0,6,Valid
1719,Female,95,50223,15,Entertainment,8,1,Valid
1720,Female,48,74308,23,Entertainment,1,2,Valid
1721,Female,41,155881,22,Lawyer,0,7,Valid
1722,Female,92,168303,16,Executive,9,4,Valid
1723,Male,44,182748,58,Engineer,1,7,Valid
1724,Female,35,52374,73,Artist,1,1,Valid
1725,Female,34,86154,17,Doctor,1,2,Valid
1726,Female,52,163612,51,Executive,0,5,Valid
1727,Female,64,64756,17,Unknown,10,1,Invalid
1728,Male,62,185257,58,Artist,1,4,Valid
1729,Male,58,78669,75,Artist,1,7,Valid
1730,Male,15,164520,47,Artist,1,7,Valid
1731,Female,65,92135,49,Homemaker,6,4,Valid
1732,Male,20,103195,68,Doctor,0,7,Valid
1733,Female,21,161663,36,Executive,1,7,Valid
1734,Female,79,57039,34,Artist,2,6,Valid
1735,Female,91,54754,4,Artist,0,2,Valid
1736,Female,92,136531,76,Engineer,1,4,Valid
1737,Male,62,120838,79,Artist,1,4,Valid
1738,Male,94,127927,48,Doctor,0,4,Valid
1739,Male,10,164214,77,Lawyer,0,4,Valid
1740,Female,53,145498,66,Artist,8,4,Valid
1741,Male,7,129215,69,Entertainment,9,6,Valid
1742,Female,92,152429,76,Entertainment,0,2,Valid
1743,Female,12,89252,31,Entertainment,0,5,Valid
1744,Female,31,147447,23,Doctor,6,7,Valid
1745,Female,93,74467,33,Lawyer,5,1,Valid
1746,Female,66,127410,37,Engineer,8,2,Valid
1747,Male,49,91290,44,Healthcare,7,7,Valid
1748,Female,64,92812,97,Artist,5,7,Valid
1749,Female,27,170166,18,Artist,10,4,Valid
1750,Female,33,150823,75,Artist,4,1,Valid
1751,Male,79,95839,30,Executive,7,2,Valid
1752,Female,14,60175,60,Executive,9,7,Valid
1753,Female,22,153024,91,Artist,10,7,Valid
1754,Female,8,116858,67,Artist,5,7,Valid
1755,Female,6,122961,47,Doctor,8,2,Valid
1756,Male,81,141471,45,Artist,8,6,Valid
1757,Male,69,76155,14,Healthcare,8,7,Valid
1758,Male,0,108169,24,Executive,10,3,Valid
1759,Female,61,139520,39,Artist,8,4,Valid
1760,Male,62,182631,52,Artist,5,3,Valid
1761,Female,95,177134,78,Healthcare,10,2,Valid
1762,Female,32,181703,54,Lawyer,6,2,Valid
1763,Female,13,61917,16,Artist,7,2,Valid
1764,Female,1,140648,36,Executive,9,7,Valid
1765,Female,63,176783,40,Doctor,9,4,Valid
1766,Male,75,59741,67,Artist,10,5,Valid
1767,Female,43,156567,89,Engineer,7,6,Valid
1768,Female,29,110309,21,Artist,6,2,Valid
1769,Female,82,111077,55,Artist,9,7,Valid
1770,Female,87,170333,96,Entertainment,4,2,Valid
1771,Male,66,183339,39,Artist,7,4,Valid
1772,Female,99,84167,46,Artist,10,7,Valid
1773,Female,54,184815,50,Lawyer,6,3,Valid
1774,Female,49,122556,74,Artist,9,7,Valid
1775,Female,60,174768,66,Entertainment,9,2,Valid
1776,Male,75,172309,82,Executive,4,1,Valid
1777,Male,77,117920,4,Doctor,10,4,Valid
1778,Male,34,134882,61,Artist,10,3,Valid
1779,Female,63,77259,11,Lawyer,6,6,Valid
1780,Male,38,170019,38,Artist,7,2,Valid
1781,Female,68,176884,94,Engineer,10,2,Valid
1782,Female,80,106709,93,Unknown,10,2,Invalid
1783,Female,8,168723,31,Homemaker,7,2,Valid
1784,Female,86,90228,68,Engineer,7,5,Valid
1785,Female,1,89473,85,Lawyer,10,4,Valid
1786,Male,56,131911,42,Healthcare,7,7,Valid
1787,Female,14,140107,63,Unknown,6,6,Invalid
1788,Female,4,170403,44,Artist,4,5,Valid
1789,Female,58,51416,46,Unknown,7,5,Invalid
1790,Female,6,52648,2,Artist,5,2,Valid
1791,Male,17,125471,48,Engineer,7,1,Valid
1792,Female,55,106153,62,Artist,10,1,Valid
1793,Male,14,124785,28,Lawyer,7,2,Valid
1794,Female,22,101474,14,Homemaker,10,2,Valid
1795,Female,8,141359,65,Healthcare,4,5,Valid
1796,Female,70,57596,96,Artist,4,1,Valid
1797,Female,67,78489,81,Artist,7,5,Valid
1798,Male,50,112957,71,Executive,5,3,Valid
1799,Male,72,82377,37,Engineer,9,2,Valid
1800,Male,76,82315,53,Engineer,6,1,Valid
1801,Male,80,93253,51,Artist,4,5,Valid
1802,Male,20,189650,60,Lawyer,8,4,Valid
1803,Female,89,114858,53,Artist,10,1,Valid
1804,Female,18,62151,18,Artist,8,2,Valid
1805,Female,75,135159,12,Engineer,7,6,Valid
1806,Female,5,126263,55,Unknown,6,3,Invalid
1807,Female,79,123064,41,Artist,10,4,Valid
1808,Female,31,181773,40,Healthcare,8,1,Valid
1809,Male,92,171794,65,Artist,6,5,Valid
1810,Female,15,156339,27,Homemaker,6,2,Valid
1811,Male,94,65483,84,Unknown,10,7,Invalid
1812,Female,35,145654,22,Executive,6,3,Valid
1813,Female,68,91609,43,Entertainment,8,1,Valid
1814,Female,29,53002,73,Lawyer,5,5,Valid
1815,Male,87,115699,61,Healthcare,9,1,Valid
1816,Male,33,149609,44,Executive,9,2,Valid
1817,Female,29,165254,7,Executive,9,7,Valid
1818,Male,43,50418,49,Healthcare,5,1,Valid
1819,Male,43,103531,90,Artist,10,5,Valid
1820,Female,66,184060,98,Artist,10,5,Valid
1821,Male,23,75961,70,Executive,5,7,Valid
1822,Male,87,174163,28,Artist,4,2,Valid
1823,Female,81,105255,54,Executive,8,3,Valid
1824,Male,42,51860,4,Lawyer,4,5,Valid
1825,Female,32,185218,83,Healthcare,4,6,Valid
1826,Male,7,189709,18,Artist,6,6,Valid
1827,Female,91,134665,66,Artist,7,2,Valid
1828,Male,95,91352,9,Doctor,7,3,Valid
1829,Female,10,154623,21,Artist,6,6,Valid
1830,Female,20,113767,88,Artist,6,2,Valid
1831,Male,5,160469,61,Lawyer,8,1,Valid
1832,Female,84,99418,27,Artist,4,2,Valid
1833,Male,54,56215,34,Healthcare,10,4,Valid
1834,Male,12,55639,63,Healthcare,8,1,Valid
1835,Female,90,62504,99,Artist,10,4,Valid
1836,Female,19,151382,38,Lawyer,1,1,Valid
1837,Female,91,156574,96,Unknown,0,7,Invalid
1838,Female,90,60998,35,Entertainment,1,7,Valid
1839,Female,60,108509,36,Doctor,0,2,Valid
1840,Female,68,85540,49,Homemaker,9,1,Valid
1841,Female,43,73915,47,Artist,11,2,Valid
1842,Male,52,148901,77,Healthcare,4,4,Valid
1843,Male,81,152602,91,Entertainment,0,1,Valid
1844,Female,54,58999,22,Entertainment,7,3,Valid
1845,Female,43,133740,37,Artist,5,4,Valid
1846,Female,20,113217,41,Lawyer,9,1,Valid
1847,Female,71,60209,46,Artist,1,3,Valid
1848,Female,26,145491,72,Entertainment,9,5,Valid
1849,Female,75,61393,65,Doctor,7,5,Valid
1850,Female,52,133252,55,Artist,1,1,Valid
1851,Female,40,187234,14,Doctor,0,5,Valid
1852,Male,5,145563,60,Entertainment,9,6,Valid
1853,Female,46,165810,38,Healthcare,3,5,Valid
1854,Male,98,125181,30,Artist,0,7,Valid
1855,Female,84,56809,96,Healthcare,1,2,Valid
1856,Male,35,69419,68,Healthcare,9,1,Valid
1857,Female,78,70689,54,Artist,1,4,Valid
1858,Male,64,55011,53,Artist,1,7,Valid
1859,Female,98,87955,79,Engineer,0,2,Valid
1860,Male,66,153660,24,Healthcare,0,5,Valid
1861,Male,32,104494,28,Healthcare,6,4,Valid
1862,Male,22,184443,44,Executive,3,7,Valid
1863,Female,17,150778,35,Entertainment,1,7,Valid
1864,Female,22,88729,81,Engineer,1,1,Valid
1865,Male,9,151902,18,Artist,0,2,Valid
1866,Male,24,51604,4,Artist,0,2,Valid
1867,Female,8,157316,75,Artist,9,3,Valid
1868,Female,52,125508,15,Artist,1,6,Valid
1869,Male,62,186157,54,Healthcare,1,1,Valid
1870,Female,37,169381,45,Entertainment,0,4,Valid
1871,Male,68,110195,47,Homemaker,9,2,Valid
1872,Female,63,81199,80,Entertainment,1,2,Valid
1873,Female,15,58459,67,Executive,0,6,Valid
1874,Female,44,173682,89,Artist,12,6,Valid
1875,Male,18,162983,16,Entertainment,0,6,Valid
1876,Male,30,94480,1,Executive,0,4,Valid
1877,Female,69,168710,80,Doctor,1,4,Valid
1878,Male,16,150193,83,Engineer,2,2,Valid
1879,Female,71,91823,74,Artist,1,4,Valid
1880,Female,24,173091,24,Entertainment,6,2,Valid
1881,Male,57,102692,94,Healthcare,0,2,Valid
1882,Male,97,156812,77,Healthcare,0,6,Valid
1883,Male,68,51468,48,Artist,0,3,Valid
1884,Female,11,114071,37,Healthcare,0,2,Valid
1885,Female,63,155638,81,Unknown,1,4,Invalid
1886,Male,68,129971,61,Artist,8,3,Valid
1887,Female,69,104160,77,Engineer,4,4,Valid
1888,Female,77,124995,66,Healthcare,0,1,Valid
1889,Female,73,180437,50,Entertainment,1,5,Valid
1890,Female,19,134644,96,Executive,1,2,Valid
1891,Female,1,130089,67,Artist,0,5,Valid
1892,Male,71,149318,27,Artist,4,1,Valid
1893,Male,6,125591,79,Healthcare,8,6,Valid
1894,Female,68,173047,17,Healthcare,0,3,Valid
1895,Female,39,61298,91,Artist,0,5,Valid
1896,Male,75,132993,55,Entertainment,8,2,Valid
1897,Female,65,72313,36,Lawyer,1,5,Valid
1898,Female,30,84885,9,Entertainment,6,5,Valid
1899,Male,46,126228,95,Unknown,8,2,Invalid
1900,Male,40,51199,29,Executive,7,7,Valid
1901,Female,40,54631,70,Artist,0,6,Valid
1902,Female,20,131810,16,Healthcare,5,7,Valid
1903,Male,88,138482,59,Unknown,8,4,Invalid
1904,Male,85,74081,87,Healthcare,4,3,Valid
1905,Male,94,112426,54,Engineer,9,6,Valid
1906,Female,52,164038,53,Unknown,5,4,Invalid
1907,Female,68,53552,97,Unknown,7,6,Invalid
1908,Male,15,142147,78,Artist,8,4,Valid
1909,Male,4,180324,41,Artist,9,2,Valid
1910,Male,59,149067,78,Doctor,9,7,Valid
1911,Male,32,184408,38,Entertainment,6,7,Valid
1912,Female,8,59116,45,Artist,10,6,Valid
1913,Female,92,174786,94,Executive,4,3,Valid
1914,Male,9,71076,2,Artist,8,1,Valid
1915,Female,41,56837,4,Healthcare,8,4,Valid
1916,Female,18,134752,47,Engineer,6,5,Valid
1917,Female,78,112887,80,Entertainment,9,6,Valid
1918,Female,0,73128,74,Artist,7,5,Valid
1919,Female,11,152765,17,Healthcare,8,1,Valid
1920,Female,36,140637,19,Executive,8,7,Valid
1921,Male,46,137973,50,Healthcare,7,7,Valid
1922,Female,95,126791,34,Artist,6,4,Valid
1923,Female,97,75125,89,Executive,8,3,Valid
1924,Male,2,101718,11,Executive,8,3,Valid
1925,Female,94,69654,30,Homemaker,4,4,Valid
1926,Female,0,105935,46,Doctor,4,5,Valid
1927,Male,3,74607,69,Healthcare,6,1,Valid
1928,Male,77,151985,29,Healthcare,4,7,Valid
1929,Male,70,76892,64,Executive,5,2,Valid
1930,Male,58,87602,25,Executive,5,3,Valid
1931,Male,72,182317,46,Healthcare,8,6,Valid
1932,Male,90,158280,92,Executive,6,7,Valid
1933,Female,23,59905,79,Unknown,7,5,Invalid
1934,Female,87,128153,42,Artist,7,6,Valid
1935,Male,64,142612,58,Doctor,4,6,Valid
1936,Female,15,180163,9,Doctor,10,7,Valid
1937,Female,14,68009,17,Artist,9,3,Valid
1938,Male,54,166183,65,Artist,7,6,Valid
1939,Male,76,132537,44,Doctor,5,3,Valid
1940,Female,76,146308,49,Artist,5,1,Valid
1941,Female,52,63454,38,Artist,5,5,Valid
1942,Male,96,110519,6,Artist,9,4,Valid
1943,Female,55,66728,50,Healthcare,10,5,Valid
1944,Female,54,170638,64,Artist,4,5,Valid
1945,Male,19,129635,100,Artist,6,4,Valid
1946,Male,29,133587,74,Unknown,5,3,Invalid
1947,Male,96,126225,47,Engineer,7,4,Valid
1948,Female,20,148776,21,Artist,8,5,Valid
1949,Female,91,142602,64,Lawyer,7,6,Valid
1950,Male,37,102413,38,Healthcare,5,5,Valid
1951,Male,42,68765,69,Entertainment,4,1,Valid
1952,Male,1,57522,75,Artist,10,5,Valid
1953,Female,58,149237,80,Entertainment,8,6,Valid
1954,Female,42,184844,24,Entertainment,6,1,Valid
1955,Female,48,131656,45,Lawyer,9,6,Valid
1956,Female,11,181026,39,Unknown,6,2,Invalid
1957,Male,59,101698,87,Artist,9,3,Valid
1958,Female,45,152560,32,Entertainment,9,2,Valid
1959,Male,73,142502,97,Doctor,5,1,Valid
1960,Female,85,155432,21,Engineer,4,6,Valid
1961,Female,70,108544,49,Entertainment,4,5,Valid
1962,Female,52,106530,46,Engineer,7,2,Valid
1963,Male,70,124359,51,Homemaker,7,7,Valid
1964,Female,88,146970,90,Artist,7,6,Valid
1965,Male,61,182176,96,Artist,9,5,Valid
1966,Female,46,114435,34,Artist,8,3,Valid
1967,Male,65,134213,32,Homemaker,8,4,Valid
1968,Female,84,115580,73,Entertainment,8,5,Valid
1969,Female,76,124034,88,Executive,10,2,Valid
1970,Male,31,67894,42,Doctor,9,1,Valid
1971,Male,55,107099,89,Executive,4,6,Valid
1972,Male,45,140263,88,Entertainment,10,5,Valid
1973,Male,98,104249,12,Engineer,5,2,Valid
1974,Male,40,168821,36,Executive,4,5,Valid
1975,Female,14,153145,59,Healthcare,8,6,Valid
1976,Female,41,128960,43,Executive,9,4,Valid
1977,Male,60,127438,82,Engineer,7,2,Valid
1978,Male,60,125968,100,Lawyer,8,2,Valid
1979,Male,84,104589,85,Artist,10,2,Valid
1980,Male,0,165321,93,Doctor,8,1,Valid
1981,Female,10,86925,76,Artist,7,2,Valid
1982,Female,62,149797,19,Artist,5,6,Valid
1983,Male,33,137094,68,Lawyer,4,1,Valid
1984,Female,52,55395,41,Unknown,10,1,Invalid
1985,Female,2,153622,51,Lawyer,6,6,Valid
1986,Male,27,74050,44,Entertainment,8,1,Valid
1987,Female,4,68094,61,Doctor,4,7,Valid
1988,Male,63,59244,80,Artist,7,1,Valid
1989,Female,54,118944,77,Artist,4,4,Valid
1990,Female,47,75293,55,Doctor,6,7,Valid
1991,Female,30,166983,69,Artist,7,3,Valid
1992,Female,97,129444,96,Entertainment,5,6,Valid
1993,Male,94,181183,24,Unknown,9,3,Invalid
1994,Female,64,175254,100,Artist,9,5,Valid
1995,Female,19,54121,89,Engineer,6,3,Valid
1996,Female,71,184387,40,Artist,8,7,Valid
1997,Female,91,73158,32,Doctor,7,7,Valid
1998,Male,87,90961,14,Healthcare,9,2,Valid
1999,Male,77,182109,4,Executive,7,2,Valid
2000,Male,90,110610,52,Entertainment,5,2,Valid
1,Male,19,15000,39,Healthcare,1,4,Valid
