CustomerID,Gender,Age,Annual Income ($),Spending Score (1-100),Profession,Work Experience,Family Size
1.0,Male,19.0,15000.0,39.0,Healthcare,1.0,4.0
2.0,Male,21.0,35000.0,81.0,Engineer,3.0,3.0
3.0,Female,20.0,86000.0,6.0,Engineer,1.0,1.0
4.0,Female,23.0,59000.0,77.0,Lawyer,0.0,2.0
5.0,Female,31.0,38000.0,40.0,Entertainment,2.0,6.0
6.0,Female,22.0,58000.0,76.0,Artist,0.0,2.0
7.0,Female,35.0,31000.0,6.0,Healthcare,1.0,3.0
8.0,Female,23.0,84000.0,94.0,Healthcare,1.0,3.0
9.0,Male,64.0,97000.0,3.0,Engineer,0.0,3.0
10.0,Female,30.0,98000.0,72.0,Artist,1.0,4.0
11.0,Male,67.0,7000.0,14.0,Engineer,1.0,3.0
12.0,Female,35.0,93000.0,99.0,Healthcare,4.0,4.0
13.0,Female,58.0,80000.0,15.0,Executive,0.0,5.0
14.0,Female,24.0,91000.0,77.0,Lawyer,1.0,1.0
15.0,Male,37.0,19000.0,13.0,Doctor,0.0,1.0
16.0,Male,22.0,51000.0,79.0,Healthcare,1.0,2.0
17.0,Female,35.0,29000.0,35.0,Homemaker,9.0,5.0
18.0,Male,20.0,89000.0,66.0,Healthcare,1.0,6.0
19.0,Male,-5.0,20000.0,29.0,Entertainment,1.0,4.0
20.0,Female,35.0,62000.0,98.0,Artist,0.0,1.0
21.0,Male,35.0,96000.0,35.0,,12.0,1.0
22.0,Male,25.0,4000.0,73.0,Healthcare,3.0,4.0
23.0,Female,46.0,42000.0,5.0,Artist,13.0,2.0
24.0,Male,31.0,71000.0,73.0,Artist,5.0,2.0
25.0,Female,54.0,67000.0,14.0,Executive,1.0,3.0
26.0,Male,29.0,52000.0,82.0,Artist,1.0,3.0
27.0,Female,45.0,68000.0,32.0,Healthcare,9.0,8.0
28.0,Male,35.0,78000.0,61.0,Artist,1.0,3.0
29.0,Female,40.0,18000.0,31.0,Artist,0.0,1.0
30.0,Female,23.0,20000.0,87.0,Artist,5.0,4.0
31.0,Male,60.0,39000.0,4.0,Artist,0.0,3.0
32.0,Female,21.0,34000.0,73.0,Doctor,1.0,2.0
33.0,Male,53.0,59000.0,4.0,Healthcare,1.0,3.0
34.0,Male,18.0,62000.0,92.0,Homemaker,9.0,7.0
35.0,Female,49.0,91000.0,14.0,Lawyer,1.0,2.0
36.0,Female,21.0,95000.0,81.0,Healthcare,3.0,4.0
37.0,Female,42.0,14000.0,17.0,Doctor,5.0,1.0
38.0,Female,30.0,62000.0,73.0,Healthcare,1.0,5.0
39.0,Female,36.0,9000.0,26.0,Artist,8.0,2.0
40.0,Female,20.0,69000.0,75.0,Artist,8.0,2.0
41.0,Female,65.0,25000.0,35.0,Artist,4.0,1.0
42.0,Male,24.0,85000.0,92.0,Healthcare,0.0,2.0
43.0,Male,48.0,22000.0,36.0,Artist,14.0,3.0
44.0,Female,31.0,33000.0,61.0,Artist,1.0,2.0
45.0,Female,49.0,72000.0,28.0,Engineer,8.0,1.0
46.0,Female,24.0,3000.0,65.0,Lawyer,4.0,2.0
47.0,Female,50.0,52000.0,55.0,Artist,0.0,4.0
48.0,Female,27.0,71000.0,47.0,Healthcare,12.0,1.0
49.0,Female,29.0,78000.0,42.0,Healthcare,0.0,4.0
50.0,Female,31.0,25000.0,42.0,Engineer,1.0,1.0
51.0,Female,49.0,88000.0,52.0,Artist,1.0,2.0
52.0,Male,33.0,97000.0,60.0,Artist,1.0,2.0
53.0,Female,31.0,74000.0,54.0,Artist,1.0,1.0
54.0,Male,59.0,68000.0,60.0,Entertainment,0.0,2.0
55.0,Female,50.0,18000.0,45.0,Marketing,1.0,1.0
56.0,Male,47.0,95000.0,41.0,Artist,14.0,2.0
57.0,Female,51.0,71000.0,50.0,Healthcare,9.0,4.0
58.0,Male,69.0,8000.0,46.0,Doctor,8.0,2.0
59.0,Female,27.0,57000.0,51.0,Artist,1.0,3.0
60.0,Male,53.0,89000.0,46.0,Lawyer,1.0,6.0
61.0,Male,70.0,84000.0,56.0,Artist,0.0,2.0
62.0,Male,19.0,50000.0,55.0,Artist,9.0,2.0
63.0,Female,67.0,50000.0,52.0,Lawyer,0.0,3.0
64.0,Female,54.0,48000.0,59.0,Lawyer,1.0,2.0
65.0,Male,63.0,63000.0,51.0,Lawyer,7.0,2.0
66.0,Male,18.0,9000.0,59.0,Entertainment,0.0,2.0
67.0,Female,43.0,3000.0,50.0,Doctor,0.0,2.0
68.0,Female,68.0,82000.0,48.0,Artist,8.0,4.0
69.0,Male,19.0,81000.0,59.0,Artist,0.0,4.0
70.0,Female,32.0,97000.0,47.0,Homemaker,2.0,2.0
71.0,Male,70.0,91000.0,55.0,Healthcare,8.0,2.0
72.0,Female,47.0,9000.0,42.0,Entertainment,8.0,2.0
73.0,Female,60.0,44000.0,49.0,Artist,0.0,5.0
74.0,Female,60.0,10000.0,56.0,Healthcare,8.0,4.0
75.0,Male,59.0,89000.0,47.0,Artist,0.0,4.0
76.0,Male,26.0,49000.0,54.0,Homemaker,0.0,3.0
77.0,Female,45.0,67000.0,53.0,Doctor,0.0,2.0
78.0,Male,40.0,99000.0,48.0,Artist,4.0,3.0
79.0,Female,23.0,97000.0,52.0,Engineer,2.0,2.0
80.0,Female,49.0,98000.0,42.0,,1.0,1.0
81.0,Male,57.0,52000.0,51.0,Healthcare,0.0,4.0
82.0,Male,38.0,61000.0,55.0,Healthcare,6.0,3.0
83.0,Male,67.0,120000.0,41.0,Artist,8.0,1.0
84.0,Female,46.0,34000.0,44.0,Entertainment,8.0,4.0
85.0,Female,21.0,24000.0,57.0,Marketing,1.0,3.0
86.0,Male,48.0,31000.0,46.0,Healthcare,7.0,5.0
87.0,Female,55.0,11000.0,58.0,Artist,0.0,3.0
88.0,Female,22.0,55000.0,55.0,Artist,5.0,2.0
89.0,Female,34.0,76000.0,60.0,Entertainment,7.0,3.0
90.0,Female,50.0,56000.0,46.0,Doctor,0.0,2.0
91.0,Female,68.0,46000.0,55.0,Entertainment,0.0,3.0
92.0,Male,18.0,36000.0,41.0,Artist,1.0,4.0
93.0,Male,48.0,88000.0,49.0,Artist,1.0,2.0
94.0,Female,40.0,31000.0,40.0,Entertainment,1.0,2.0
95.0,Female,32.0,24000.0,42.0,Artist,0.0,1.0
96.0,Male,24.0,80000.0,52.0,Artist,10.0,1.0
97.0,Female,47.0,2000.0,47.0,Artist,0.0,1.0
98.0,Female,27.0,67000.0,50.0,Artist,0.0,2.0
99.0,Male,48.0,58000.0,42.0,Doctor,1.0,2.0
100.0,Male,20.0,80000.0,49.0,Engineer,3.0,3.0
101.0,Female,23.0,65000.0,41.0,Artist,0.0,4.0
102.0,Female,49.0,4000.0,48.0,Executive,1.0,7.0
103.0,Male,67.0,98000.0,59.0,Artist,0.0,3.0
104.0,Male,26.0,52000.0,55.0,Executive,0.0,5.0
105.0,Male,49.0,86000.0,56.0,Healthcare,10.0,2.0
106.0,Female,21.0,82000.0,42.0,Doctor,1.0,2.0
107.0,Female,66.0,43000.0,50.0,Homemaker,3.0,2.0
108.0,Male,54.0,78000.0,46.0,Lawyer,1.0,1.0
109.0,Male,68.0,13000.0,43.0,Healthcare,6.0,5.0
110.0,Male,66.0,13000.0,48.0,Artst,9.0,3.0
111.0,Male,65.0,34000.0,52.0,Entertainment,4.0,4.0
112.0,Female,19.0,25000.0,54.0,Artist,0.0,1.0
113.0,Female,38.0,71000.0,42.0,Doctor,1.0,5.0
114.0,Male,19.0,2000.0,46.0,Artist,1.0,1.0
115.0,Female,18.0,97000.0,48.0,Executive,0.0,3.0
116.0,Female,19.0,51000.0,50.0,Executive,8.0,4.0
117.0,Female,63.0,9000.0,43.0,Lawyer,1.0,1.0
118.0,Female,49.0,79000.0,59.0,Artist,0.0,2.0
119.0,Female,51.0,84000.0,43.0,,2.0,7.0
120.0,Female,50.0,87000.0,57.0,Artist,1.0,2.0
121.0,Male,27.0,36000.0,56.0,Executive,0.0,3.0
122.0,Female,38.0,50000.0,40.0,Executive,1.0,4.0
123.0,Female,40.0,97000.0,58.0,Engineer,9.0,4.0
124.0,Male,39.0,6000.0,91.0,Healthcare,1.0,3.0
125.0,Female,23.0,12000.0,29.0,Entertainment,9.0,2.0
126.0,Female,31.0,46000.0,77.0,Marketing,1.0,2.0
127.0,Male,43.0,89000.0,35.0,Engineer,0.0,7.0
128.0,Male,40.0,4000.0,95.0,Artist,0.0,2.0
129.0,Male,59.0,38000.0,11.0,Engineer,0.0,2.0
130.0,Male,38.0,64000.0,75.0,Entertainment,8.0,5.0
131.0,Male,47.0,66000.0,9.0,Executive,9.0,5.0
132.0,Male,39.0,26000.0,75.0,Lawyer,0.0,2.0
133.0,Female,25.0,41000.0,34.0,Healthcare,6.0,4.0
134.0,Female,31.0,45000.0,71.0,Artist,5.0,1.0
135.0,Male,20.0,89000.0,5.0,Engineer,1.0,2.0
136.0,Female,29.0,92000.0,88.0,Executive,5.0,5.0
137.0,Female,44.0,76000.0,7.0,Artist,5.0,2.0
138.0,Male,32.0,85000.0,73.0,Artist,3.0,4.0
139.0,Male,19.0,22000.0,10.0,Marketing,8.0,4.0
140.0,Female,35.0,15000.0,72.0,Artist,4.0,4.0
141.0,Female,57.0,32000.0,5.0,Engineer,0.0,2.0
142.0,Male,32.0,66000.0,93.0,Artist,0.0,5.0
143.0,Female,28.0,62000.0,40.0,Doctor,5.0,3.0
144.0,Female,32.0,85000.0,87.0,Lawyer,1.0,2.0
145.0,Male,25.0,71000.0,12.0,Engineer,0.0,5.0
146.0,Male,28.0,26000.0,97.0,Marketing,8.0,5.0
147.0,Male,48.0,52000.0,36.0,Engineer,9.0,2.0
148.0,Female,32.0,38000.0,74.0,Lawyer,1.0,1.0
149.0,Female,34.0,51000.0,22.0,Healthcare,7.0,4.0
150.0,Male,34.0,90000.0,90.0,Artist,6.0,3.0
151.0,Male,43.0,30000.0,17.0,Lawyer,0.0,9.0
152.0,Male,39.0,41000.0,88.0,Engineer,0.0,1.0
153.0,Female,44.0,17000.0,20.0,Engineer,0.0,2.0
154.0,Female,38.0,92000.0,76.0,Artist,2.0,2.0
155.0,Female,47.0,80000.0,16.0,Healthcare,0.0,4.0
156.0,Female,27.0,10000.0,89.0,Marketing,8.0,4.0
157.0,Male,37.0,16000.0,1.0,Executive,1.0,1.0
158.0,Female,30.0,87000.0,78.0,Artist,3.0,4.0
159.0,Male,34.0,66000.0,1.0,Lawyer,1.0,2.0
160.0,Female,30.0,86000.0,73.0,Artist,3.0,3.0
161.0,Female,56.0,9000.0,35.0,Artist,1.0,1.0
162.0,Female,29.0,50000.0,83.0,Healthcare,1.0,5.0
163.0,Male,19.0,35000.0,5.0,Executive,0.0,5.0
164.0,Female,31.0,58000.0,93.0,Healthcare,1.0,5.0
165.0,Male,50.0,47000.0,26.0,Doctor,0.0,2.0
166.0,Female,36.0,54000.0,75.0,Artist,5.0,3.0
167.0,Male,42.0,79000.0,20.0,Homemaker,9.0,3.0
168.0,Female,33.0,83000.0,95.0,Artist,0.0,5.0
169.0,Female,36.0,57000.0,27.0,Artist,0.0,3.0
170.0,Male,32.0,0.0,63.0,Artist,2.0,2.0
171.0,Male,40.0,69000.0,13.0,Artist,3.0,5.0
172.0,Male,28.0,4000.0,75.0,Executive,0.0,2.0
173.0,Male,36.0,79000.0,10.0,Lawyer,0.0,2.0
174.0,Male,36.0,99000.0,92.0,Artist,5.0,2.0
175.0,Female,52.0,20000.0,13.0,Lawyer,0.0,2.0
176.0,Female,30.0,28000.0,86.0,Artist,3.0,4.0
177.0,Male,58.0,29000.0,15.0,Engineer,11.0,1.0
178.0,Male,27.0,45000.0,69.0,Healthcare,2.0,6.0
179.0,Male,59.0,86000.0,14.0,Healthcare,4.0,3.0
180.0,Male,35.0,42000.0,90.0,Engineer,8.0,1.0
181.0,Female,37.0,59000.0,32.0,Artist,7.0,2.0
182.0,Female,32.0,61000.0,86.0,Entertainment,7.0,5.0
183.0,Male,46.0,11000.0,15.0,Artist,7.0,1.0
184.0,Female,29.0,66000.0,88.0,Artist,4.0,4.0
185.0,Female,41.0,39000.0,39.0,Artist,1.0,1.0
186.0,Male,30.0,72000.0,97.0,Artist,6.0,2.0
187.0,Female,54.0,14000.0,24.0,Lawyer,1.0,2.0
188.0,Male,28.0,44000.0,68.0,Doctor,5.0,3.0
189.0,Female,41.0,76000.0,17.0,Engineer,8.0,2.0
190.0,Female,36.0,95000.0,85.0,Artist,4.0,2.0
191.0,Female,34.0,92000.0,23.0,Artist,5.0,3.0
192.0,Female,32.0,98000.0,69.0,Artist,8.0,2.0
193.0,Male,33.0,96000.0,8.0,Executive,9.0,2.0
194.0,Female,38.0,45000.0,91.0,Artist,10.0,4.0
195.0,Female,47.0,8000.0,16.0,Artist,7.0,2.0
196.0,Female,35.0,46000.0,79.0,Executive,1.0,3.0
197.0,Female,45.0,78000.0,28.0,Artist,0.0,2.0
198.0,Male,32.0,4000.0,74.0,Artist,1.0,5.0
199.0,Male,32.0,81000.0,18.0,Executive,1.0,2.0
200.0,Male,30.0,33000.0,83.0,Artist,4.0,2.0
201.0,Female,21.0,40000.0,10.0,Healthcare,0.0,3.0
202.0,Male,34.0,85000.0,16.0,Healthcare,9.0,3.0
203.0,Female,16.0,60000.0,0.0,Engineer,6.0,8.0
204.0,Female,76.0,60000.0,39.0,Healthcare,4.0,2.0
205.0,Female,62.0,63000.0,59.0,Entertainment,0.0,2.0
206.0,Female,63.0,10000.0,52.0,Healthcare,8.0,3.0
207.0,Female,19.0,55000.0,61.0,Healthcare,0.0,3.0
208.0,Male,46.0,93000.0,12.0,Artist,2.0,1.0
209.0,Female,48.0,15000.0,7.0,Doctor,0.0,2.0
210.0,Female,80.0,39000.0,33.0,Engineer,9.0,4.0
211.0,Female,1.0,57000.0,93.0,Engineer,1.0,2.0
212.0,Female,0.0,22000.0,92.0,Artist,2.0,1.0
213.0,Male,86.0,12000.0,70.0,Marketing,2.0,4.0
214.0,Male,49.0,50000.0,82.0,Lawyer,8.0,1.0
215.0,Male,48.0,95000.0,68.0,Doctor,2.0,4.0
216.0,Female,46.0,66000.0,70.0,Healthcare,3.0,3.0
217.0,Male,79.0,20000.0,40.0,Doctor,6.0,2.0
218.0,Female,83.0,35000.0,99.0,Doctor,8.0,2.0
219.0,Female,66.0,71000.0,34.0,Executive,9.0,2.0
220.0,Female,59.0,76000.0,61.0,,9.0,1.0
221.0,Female,39.0,84000.0,33.0,Artist,5.0,3.0
222.0,Female,95.0,72000.0,51.0,Engineer,4.0,2.0
223.0,Male,43.0,33000.0,55.0,Artist,4.0,3.0
224.0,Female,93.0,93000.0,37.0,Healthcare,1.0,5.0
225.0,Female,40.0,83000.0,48.0,Homemaker,4.0,1.0
226.0,Female,78.0,23000.0,8.0,Engineer,1.0,1.0
227.0,Female,25.0,40000.0,77.0,Artist,5.0,4.0
228.0,Male,76.0,89000.0,86.0,Healthcare,9.0,4.0
229.0,Male,0.0,33000.0,64.0,Marketing,1.0,1.0
230.0,Male,15.0,94000.0,30.0,Healthcare,7.0,2.0
231.0,Female,6.0,93000.0,53.0,Lawyer,8.0,2.0
232.0,Male,84.0,7000.0,28.0,Healthcare,0.0,4.0
233.0,Female,67.0,18000.0,88.0,Lawyer,0.0,2.0
234.0,Female,78.0,3000.0,14.0,Healthcare,0.0,4.0
235.0,Female,4.0,84000.0,54.0,Artist,9.0,1.0
236.0,Female,29.0,62000.0,34.0,Healthcare,0.0,4.0
237.0,Male,91.0,9000.0,96.0,Healthcare,1.0,5.0
238.0,Male,95.0,36000.0,35.0,,0.0,4.0
239.0,Male,55.0,37000.0,74.0,Lawyer,1.0,4.0
240.0,Female,14.0,50000.0,11.0,Artist,1.0,2.0
241.0,Male,92.0,83000.0,16.0,Executive,1.0,5.0
242.0,Female,65.0,79000.0,17.0,Artist,0.0,3.0
243.0,Female,84.0,40000.0,14.0,Healthcare,1.0,4.0
244.0,Female,77.0,47000.0,58.0,Artist,0.0,6.0
245.0,Female,53.0,4000.0,20.0,Artist,0.0,4.0
246.0,Female,28.0,38000.0,75.0,Entertainment,7.0,2.0
247.0,Male,23.0,0.0,96.0,Doctor,1.0,3.0
248.0,Female,32.0,7000.0,16.0,Artist,1.0,2.0
249.0,Female,37.0,41000.0,2.0,Artist,1.0,2.0
250.0,Female,89.0,65000.0,0.0,Engineer,0.0,5.0
251.0,Male,80.0,20000.0,93.0,Engineer,1.0,3.0
252.0,Female,27.0,44000.0,65.0,Doctor,8.0,1.0
253.0,Female,78.0,3000.0,14.0,Artist,5.0,4.0
254.0,Female,86.0,72000.0,13.0,Lawyer,7.0,3.0
255.0,Female,46.0,27000.0,32.0,Engineer,4.0,4.0
256.0,Male,59.0,85000.0,49.0,Lawyer,4.0,2.0
257.0,Male,12.0,38000.0,18.0,Executive,10.0,1.0
258.0,Male,79.0,73000.0,96.0,Homemaker,6.0,7.0
259.0,Female,79.0,64000.0,64.0,Artist,2.0,3.0
260.0,Male,26.0,26000.0,60.0,Executive,6.0,4.0
261.0,Female,63.0,47000.0,16.0,Artist,2.0,3.0
262.0,Female,52.0,35000.0,85.0,Doctor,2.0,6.0
263.0,Female,32.0,31000.0,24.0,Lawyer,2.0,3.0
264.0,Female,64.0,13000.0,38.0,Engineer,3.0,4.0
265.0,Female,37.0,79000.0,10.0,Homemaker,1.0,7.0
266.0,Male,7.0,82000.0,39.0,Entertainment,2.0,2.0
267.0,Female,40.0,28000.0,68.0,Artist,1.0,1.0
268.0,Female,78.0,36000.0,79.0,Artist,0.0,3.0
269.0,Female,34.0,8000.0,76.0,Entertainment,6.0,6.0
270.0,Female,52.0,88000.0,39.0,Artist,1.0,2.0
271.0,Male,94.0,91000.0,36.0,Entertainment,0.0,4.0
272.0,Female,1.0,12000.0,82.0,Doctor,0.0,3.0
273.0,Female,96.0,1000.0,76.0,Entertainment,0.0,3.0
274.0,Female,18.0,143000.0,99.0,Artist,0.0,2.0
275.0,Female,37.0,18000.0,57.0,Artist,1.0,2.0
276.0,Male,78.0,65000.0,89.0,Lawyer,1.0,2.0
277.0,Male,16.0,9000.0,88.0,Executive,7.0,4.0
278.0,Male,93.0,95000.0,21.0,Artist,1.0,1.0
279.0,Female,74.0,78000.0,12.0,Engineer,9.0,3.0
280.0,Male,68.0,48000.0,73.0,Healthcare,3.0,3.0
281.0,Female,32.0,63000.0,87.0,Executive,1.0,4.0
282.0,Female,43.0,85000.0,63.0,Marketing,1.0,2.0
283.0,Female,52.0,43000.0,58.0,Artist,1.0,3.0
284.0,Female,63.0,74000.0,20.0,Artist,1.0,2.0
285.0,Female,33.0,67000.0,11.0,Healthcare,0.0,1.0
286.0,Male,86.0,59000.0,40.0,Artist,0.0,1.0
287.0,Female,85.0,140000.0,84.0,Entertainment,1.0,1.0
288.0,Female,73.0,31000.0,47.0,Healthcare,1.0,2.0
289.0,Female,21.0,5000.0,91.0,Marketing,0.0,1.0
290.0,Female,93.0,19000.0,58.0,Engineer,1.0,3.0
291.0,Male,9.0,27000.0,62.0,Entertainment,7.0,1.0
292.0,Female,10.0,68000.0,80.0,Doctor,6.0,3.0
293.0,Male,11.0,38000.0,66.0,Artist,8.0,8.0
294.0,Female,48.0,50000.0,36.0,Engineer,6.0,4.0
,Female,73.0,80000.0,73.0,Entertainment,2.0,2.0
296.0,Female,66.0,69000.0,43.0,Executive,9.0,3.0
297.0,Female,79.0,31000.0,91.0,Engineer,3.0,3.0
298.0,Male,62.0,87000.0,41.0,Doctor,6.0,2.0
299.0,Male,17.0,79000.0,16.0,Artist,1.0,3.0
300.0,Male,32.0,32000.0,86.0,Entertainment,5.0,2.0
301.0,Male,85.0,153787.0,100.0,Entertainment,3.0,3.0
302.0,Male,31.0,95851.0,16.0,Healthcare,5.0,2.0
303.0,Female,31.0,145015.0,73.0,Healthcare,6.0,3.0
304.0,Female,38.0,148539.0,7.0,Healthcare,5.0,2.0
305.0,Female,90.0,117319.0,21.0,Lawyer,1.0,2.0
306.0,Female,65.0,180243.0,26.0,Marketing,6.0,2.0
307.0,Female,63.0,165052.0,12.0,Artist,4.0,2.0
308.0,Female,61.0,120487.0,14.0,Doctor,0.0,2.0
309.0,Male,26.0,112766.0,83.0,Engineer,8.0,4.0
310.0,Female,17.0,156488.0,65.0,Engineer,1.0,4.0
311.0,Male,56.0,97562.0,15.0,Executive,5.0,6.0
312.0,Female,12.0,77501.0,30.0,Engineer,5.0,4.0
313.0,Female,24.0,118302.0,100.0,Lawyer,5.0,1.0
314.0,Female,13.0,64277.0,9.0,Executive,9.0,4.0
315.0,Male,12.0,53927.0,77.0,Doctor,2.0,3.0
316.0,Male,72.0,93921.0,93.0,Lawyer,9.0,2.0
317.0,Female,54.0,132046.0,8.0,Homemaker,4.0,4.0
318.0,Male,45.0,183217.0,91.0,Artist,7.0,2.0
319.0,Male,66.0,182937.0,44.0,Marketing,8.0,1.0
320.0,Female,27.0,68272.0,56.0,Healthcare,8.0,4.0
321.0,Male,36.0,69841.0,21.0,Engineer,10.0,2.0
322.0,Male,5.0,69078.0,60.0,Lawyer,13.0,1.0
323.0,Female,89.0,110667.0,100.0,Healthcare,2.0,4.0
324.0,Male,13.0,95469.0,94.0,Doctor,6.0,1.0
325.0,Female,91.0,102861.0,40.0,Artist,4.0,1.0
326.0,Male,16.0,133551.0,7.0,Artist,3.0,1.0
327.0,Female,63.0,64589.0,90.0,Engineer,7.0,1.0
328.0,Male,52.0,152755.0,39.0,Engineer,4.0,2.0
329.0,Female,37.0,92313.0,58.0,Healthcare,1.0,5.0
330.0,Female,78.0,98922.0,2.0,Artist,2.0,3.0
331.0,Male,24.0,165846.0,33.0,Engineer,0.0,4.0
332.0,Female,4.0,93713.0,62.0,Engineer,3.0,4.0
333.0,Male,84.0,137641.0,67.0,Healthcare,0.0,5.0
334.0,Male,0.0,173743.0,96.0,Artist,0.0,4.0
335.0,Female,67.0,116126.0,58.0,Entertainment,10.0,2.0
336.0,Female,32.0,112246.0,30.0,Healthcare,8.0,3.0
337.0,Female,39.0,69384.0,75.0,Healthcare,1.0,5.0
338.0,Female,68.0,76529.0,62.0,Healthcare,0.0,2.0
339.0,Female,7.0,123804.0,28.0,Doctor,14.0,1.0
340.0,Female,76.0,68292.0,55.0,Artist,8.0,2.0
341.0,Female,84.0,173185.0,99.0,Artist,3.0,1.0
342.0,Male,75.0,142034.0,82.0,Entertainment,1.0,4.0
343.0,Male,22.0,107941.0,61.0,Artist,0.0,1.0
344.0,Female,90.0,149840.0,61.0,Engineer,1.0,1.0
345.0,Female,4.0,148431.0,99.0,Healthcare,1.0,8.0
346.0,Female,78.0,126599.0,84.0,Lawyer,0.0,3.0
347.0,Female,58.0,57180.0,22.0,Healthcare,9.0,1.0
348.0,Female,99.0,184426.0,41.0,Artist,9.0,1.0
349.0,Female,24.0,151085.0,39.0,Marketing,2.0,5.0
350.0,Female,88.0,166107.0,98.0,Artist,13.0,4.0
351.0,Female,92.0,67850.0,91.0,Artist,9.0,4.0
352.0,Male,99.0,173394.0,4.0,Engineer,13.0,1.0
353.0,Female,51.0,72303.0,98.0,Lawyer,7.0,1.0
354.0,Male,23.0,181760.0,35.0,Healthcare,14.0,3.0
355.0,Female,13.0,146858.0,75.0,Doctor,9.0,1.0
356.0,Male,22.0,172923.0,20.0,Engineer,6.0,1.0
357.0,Female,89.0,115811.0,87.0,Homemaker,11.0,4.0
358.0,Male,20.0,184324.0,51.0,Marketing,13.0,5.0
359.0,Female,72.0,67353.0,19.0,Lawyer,9.0,3.0
360.0,Male,17.0,165999.0,71.0,Healthcare,9.0,3.0
361.0,Male,90.0,164914.0,18.0,Artist,8.0,3.0
362.0,Male,99.0,63364.0,61.0,Entertainment,1.0,2.0
363.0,Female,39.0,182352.0,73.0,Engineer,4.0,3.0
364.0,Female,37.0,148544.0,56.0,Entertainment,1.0,2.0
365.0,Male,46.0,62833.0,85.0,Artist,1.0,2.0
366.0,Male,65.0,120627.0,72.0,Healthcare,0.0,2.0
367.0,Female,60.0,130898.0,30.0,Artist,1.0,1.0
368.0,Female,93.0,103130.0,74.0,Executive,12.0,3.0
369.0,Male,72.0,106681.0,15.0,Healthcare,9.0,5.0
370.0,Female,36.0,87353.0,25.0,Entertainment,1.0,5.0
371.0,Male,52.0,,61.0,Artist,8.0,1.0
372.0,Female,72.0,98168.0,49.0,Entertainment,1.0,2.0
373.0,Female,28.0,178265.0,5.0,Lawyer,2.0,1.0
374.0,Female,48.0,167232.0,92.0,Doctor,6.0,4.0
375.0,Male,85.0,140478.0,43.0,Doctor,6.0,4.0
376.0,Male,22.0,159296.0,83.0,Artist,8.0,1.0
377.0,Female,30.0,144043.0,78.0,Doctor,1.0,1.0
378.0,Male,46.0,72594.0,64.0,Artist,1.0,2.0
379.0,Female,82.0,180288.0,77.0,Artist,2.0,2.0
380.0,Female,73.0,165734.0,51.0,Entertainment,0.0,1.0
381.0,Male,8.0,175407.0,2.0,Artist,5.0,1.0
382.0,Male,90.0,70201.0,8.0,Engineer,0.0,2.0
383.0,Male,34.0,91503.0,26.0,Artist,0.0,6.0
384.0,Female,10.0,184522.0,43.0,Artist,0.0,2.0
385.0,Female,79.0,143560.0,83.0,Artist,1.0,3.0
386.0,Male,83.0,131574.0,97.0,Artist,1.0,2.0
387.0,Female,20.0,151124.0,18.0,Artist,15.0,3.0
388.0,Female,25.0,67447.0,5.0,Artist,15.0,2.0
389.0,Female,26.0,117454.0,8.0,Healthcare,16.0,2.0
390.0,Female,18.0,86203.0,23.0,Doctor,13.0,1.0
391.0,Female,7.0,136231.0,10.0,Artist,7.0,1.0
392.0,Male,1.0,89144.0,1.0,Doctor,12.0,2.0
393.0,Male,21.0,119116.0,30.0,Artist,17.0,4.0
394.0,Female,86.0,163463.0,31.0,Artist,9.0,4.0
395.0,Female,75.0,151696.0,82.0,Artist,15.0,1.0
396.0,Male,78.0,184736.0,52.0,Lawyer,13.0,1.0
397.0,Female,87.0,70419.0,69.0,Homemaker,6.0,4.0
398.0,Female,8.0,119104.0,41.0,Entertainment,14.0,3.0
399.0,Male,59.0,130950.0,28.0,Executive,5.0,3.0
400.0,Male,13.0,140950.0,77.0,Artist,15.0,2.0
401.0,Female,55.0,82285.0,35.0,Engineer,16.0,1.0
402.0,Female,50.0,91389.0,92.0,Healthcare,11.0,7.0
403.0,Male,54.0,186359.0,95.0,Doctor,13.0,2.0
404.0,Male,13.0,178989.0,46.0,Doctor,14.0,3.0
405.0,Male,79.0,166335.0,45.0,Engineer,5.0,5.0
406.0,Female,65.0,119889.0,11.0,Artist,17.0,6.0
407.0,Female,51.0,66852.0,73.0,Executive,15.0,3.0
408.0,Male,18.0,103896.0,36.0,Executive,16.0,4.0
409.0,Male,21.0,187761.0,87.0,Healthcare,2.0,3.0
410.0,Male,37.0,102717.0,93.0,Healthcare,7.0,4.0
411.0,Male,83.0,102647.0,83.0,Entertainment,0.0,2.0
412.0,Female,96.0,113585.0,31.0,Lawyer,0.0,4.0
413.0,Female,65.0,86509.0,88.0,Artist,0.0,4.0
414.0,Male,80.0,59099.0,44.0,Marketing,1.0,7.0
415.0,Female,75.0,135088.0,5.0,Lawyer,1.0,5.0
416.0,Female,87.0,110870.0,78.0,Engineer,1.0,4.0
417.0,Female,86.0,187667.0,12.0,Artist,0.0,1.0
418.0,Female,36.0,124614.0,25.0,Artist,8.0,5.0
419.0,Female,78.0,166492.0,40.0,Homemaker,9.0,7.0
420.0,Female,62.0,172758.0,69.0,Entertainment,1.0,2.0
421.0,Male,89.0,122430.0,19.0,Healthcare,1.0,1.0
422.0,Female,56.0,183540.0,96.0,Entertainment,0.0,6.0
423.0,Female,35.0,96484.0,34.0,Artist,5.0,4.0
424.0,Male,33.0,112587.0,71.0,Artist,1.0,4.0
425.0,Female,58.0,155672.0,71.0,Entertainment,7.0,7.0
426.0,Female,68.0,72847.0,93.0,Artist,1.0,2.0
427.0,Male,38.0,71897.0,32.0,Entertainment,2.0,3.0
428.0,Male,31.0,158479.0,57.0,Doctor,1.0,5.0
429.0,Male,90.0,89251.0,4.0,Entertainment,1.0,1.0
430.0,Male,28.0,179911.0,24.0,Engineer,1.0,1.0
431.0,Male,1.0,111558.0,85.0,Healthcare,7.0,4.0
432.0,Male,78.0,127615.0,78.0,Executive,10.0,7.0
433.0,Female,23.0,50076.0,32.0,Artist,3.0,5.0
434.0,Female,25.0,77779.0,62.0,Artist,4.0,1.0
435.0,Male,59.0,169999.0,38.0,Engineer,5.0,5.0
436.0,Female,7.0,106581.0,76.0,Doctor,1.0,7.0
437.0,Female,24.0,78223.0,41.0,Lawyer,0.0,1.0
438.0,Male,76.0,136259.0,14.0,,0.0,7.0
439.0,Male,37.0,153399.0,93.0,Entertainment,1.0,6.0
440.0,Female,6.0,162858.0,91.0,Artist,0.0,1.0
441.0,Female,0.0,57373.0,29.0,,0.0,7.0
442.0,Male,3.0,133602.0,47.0,Artist,1.0,1.0
443.0,Female,95.0,66322.0,88.0,Artist,0.0,3.0
444.0,Female,0.0,68761.0,16.0,Lawyer,1.0,4.0
445.0,Male,7.0,70749.0,86.0,Artist,13.0,3.0
446.0,Male,54.0,65874.0,87.0,Artist,7.0,6.0
447.0,Male,89.0,115996.0,24.0,Engineer,15.0,1.0
448.0,Female,58.0,67097.0,91.0,Engineer,6.0,1.0
449.0,Female,12.0,108027.0,64.0,Artist,13.0,5.0
450.0,Male,7.0,176349.0,80.0,Healthcare,8.0,2.0
451.0,Male,11.0,88452.0,40.0,Healthcare,8.0,6.0
452.0,Male,74.0,128266.0,55.0,Engineer,7.0,4.0
453.0,Female,64.0,156777.0,20.0,Healthcare,7.0,2.0
454.0,Female,48.0,123234.0,50.0,Lawyer,10.0,7.0
455.0,Female,8.0,60790.0,38.0,Artist,1.0,5.0
456.0,Female,15.0,181332.0,99.0,Artist,14.0,6.0
457.0,Male,1.0,187297.0,7.0,Artist,0.0,1.0
458.0,Female,21.0,153885.0,86.0,Artist,6.0,6.0
459.0,Male,84.0,53500.0,44.0,Marketing,3.0,4.0
460.0,Female,5.0,69443.0,28.0,Doctor,4.0,6.0
461.0,Female,47.0,124072.0,56.0,Lawyer,0.0,7.0
462.0,Female,96.0,135800.0,29.0,Healthcare,0.0,7.0
463.0,Male,93.0,120597.0,96.0,Artist,2.0,4.0
464.0,Female,16.0,91358.0,11.0,Entertainment,1.0,4.0
465.0,Male,56.0,53231.0,41.0,Marketing,0.0,5.0
466.0,Female,76.0,156330.0,31.0,Engineer,1.0,2.0
467.0,Male,0.0,186002.0,80.0,Doctor,15.0,2.0
468.0,Female,70.0,111760.0,53.0,Executive,12.0,5.0
469.0,Female,47.0,143906.0,12.0,Artist,4.0,3.0
470.0,Male,13.0,182410.0,22.0,Healthcare,11.0,4.0
471.0,Male,86.0,98463.0,46.0,Homemaker,10.0,5.0
472.0,Male,91.0,93762.0,28.0,Artist,15.0,7.0
473.0,Male,97.0,104582.0,50.0,Healthcare,8.0,2.0
474.0,Male,20.0,130813.0,92.0,Artist,17.0,5.0
475.0,Female,11.0,59202.0,92.0,Healthcare,5.0,4.0
476.0,Female,28.0,79968.0,45.0,Lawyer,9.0,2.0
477.0,Male,32.0,104824.0,42.0,Artist,0.0,7.0
478.0,Male,82.0,188719.0,30.0,Lawyer,0.0,6.0
479.0,Male,39.0,187536.0,66.0,Healthcare,3.0,6.0
480.0,Male,7.0,134008.0,85.0,Entertainment,2.0,1.0
481.0,Female,13.0,176397.0,71.0,Artist,6.0,3.0
482.0,Female,34.0,154888.0,43.0,Healthcare,9.0,6.0
483.0,Male,76.0,155622.0,81.0,Healthcare,0.0,2.0
484.0,Female,30.0,62330.0,60.0,Healthcare,1.0,1.0
485.0,Female,69.0,112838.0,34.0,Healthcare,1.0,7.0
486.0,Male,22.0,58283.0,59.0,Homemaker,2.0,4.0
487.0,Female,60.0,77857.0,81.0,Artist,1.0,6.0
488.0,Male,66.0,125024.0,25.0,Artist,0.0,1.0
489.0,Female,57.0,136242.0,34.0,Artist,9.0,1.0
490.0,Female,60.0,81934.0,81.0,Healthcare,1.0,4.0
491.0,Female,59.0,130511.0,97.0,Artist,3.0,4.0
492.0,Female,54.0,144502.0,88.0,Lawyer,3.0,1.0
493.0,Male,90.0,63769.0,6.0,Artist,4.0,2.0
494.0,Female,14.0,66760.0,20.0,Artist,0.0,4.0
495.0,Female,34.0,135115.0,54.0,Entertainment,1.0,7.0
496.0,Female,85.0,179877.0,17.0,Healthcare,12.0,4.0
497.0,Female,83.0,93351.0,65.0,Doctor,1.0,1.0
498.0,Male,12.0,84547.0,96.0,Homemaker,3.0,3.0
499.0,Male,95.0,121725.0,3.0,,12.0,3.0
500.0,Male,41.0,65723.0,91.0,Artist,6.0,7.0
501.0,Female,38.0,96794.0,96.0,Healthcare,6.0,3.0
502.0,Male,68.0,72352.0,61.0,Healthcare,8.0,5.0
503.0,Female,4.0,53097.0,21.0,Healthcare,0.0,7.0
504.0,Female,5.0,144831.0,17.0,Artist,1.0,3.0
505.0,Female,3.0,183851.0,10.0,Doctor,1.0,2.0
506.0,Female,20.0,111896.0,90.0,Executive,1.0,3.0
507.0,Female,3.0,64824.0,30.0,Executive,1.0,1.0
508.0,Male,36.0,88565.0,16.0,Healthcare,1.0,5.0
509.0,Female,70.0,104974.0,63.0,Artist,1.0,1.0
510.0,Female,17.0,167060.0,47.0,Artist,1.0,5.0
511.0,Female,31.0,69018.0,17.0,Artist,6.0,1.0
512.0,Female,48.0,174109.0,96.0,Entertainment,0.0,1.0
513.0,Male,28.0,62186.0,29.0,Marketing,0.0,1.0
514.0,Male,97.0,183783.0,70.0,Healthcare,9.0,3.0
515.0,Male,81.0,83771.0,1.0,Artist,1.0,2.0
516.0,Female,37.0,148196.0,91.0,Artist,0.0,2.0
517.0,Male,85.0,131742.0,87.0,Entertainment,1.0,1.0
518.0,Female,78.0,59971.0,94.0,Homemaker,14.0,7.0
519.0,Female,13.0,88960.0,2.0,Entertainment,13.0,3.0
520.0,Female,53.0,140107.0,38.0,Healthcare,1.0,5.0
521.0,Female,41.0,161896.0,49.0,Entertainment,1.0,3.0
522.0,Female,9.0,57272.0,60.0,Engineer,1.0,1.0
523.0,Male,20.0,119952.0,2.0,Healthcare,8.0,2.0
524.0,Female,98.0,167197.0,63.0,Doctor,1.0,5.0
525.0,Female,44.0,186116.0,2.0,Healthcare,8.0,
526.0,Female,66.0,134677.0,59.0,Healthcare,15.0,5.0
527.0,Female,58.0,180479.0,74.0,Healthcare,0.0,3.0
528.0,Male,97.0,112783.0,21.0,Artist,9.0,6.0
529.0,Male,13.0,150258.0,17.0,Doctor,0.0,3.0
530.0,Male,48.0,115832.0,92.0,Artist,2.0,2.0
531.0,Female,47.0,104834.0,44.0,Artist,0.0,7.0
532.0,Male,93.0,152571.0,66.0,Doctor,14.0,5.0
533.0,Female,11.0,162287.0,45.0,Engineer,3.0,2.0
534.0,Female,68.0,171761.0,59.0,Doctor,1.0,6.0
535.0,Female,87.0,77709.0,73.0,Artist,0.0,1.0
536.0,Female,22.0,95053.0,17.0,Entertainment,1.0,2.0
537.0,Male,89.0,74820.0,33.0,Doctor,1.0,2.0
538.0,Male,57.0,152267.0,92.0,Engineer,9.0,5.0
539.0,Male,91.0,71925.0,14.0,Artist,4.0,2.0
540.0,Female,84.0,151340.0,95.0,Artist,1.0,7.0
541.0,Male,56.0,162921.0,51.0,Executive,0.0,4.0
542.0,Female,26.0,52234.0,30.0,Executive,1.0,2.0
543.0,Female,56.0,100271.0,87.0,Artist,1.0,5.0
544.0,Female,6.0,170266.0,23.0,Artist,3.0,2.0
545.0,Female,33.0,88763.0,1.0,Entertainment,1.0,1.0
546.0,Female,89.0,107359.0,26.0,,10.0,6.0
547.0,Male,99.0,164781.0,83.0,Engineer,0.0,2.0
548.0,Female,25.0,156016.0,85.0,Artist,2.0,1.0
549.0,Female,96.0,186882.0,40.0,Entertainment,1.0,7.0
550.0,Female,35.0,99300.0,88.0,Homemaker,5.0,2.0
551.0,Male,16.0,58127.0,65.0,Marketing,0.0,3.0
552.0,Female,81.0,89211.0,12.0,Doctor,1.0,7.0
553.0,Female,7.0,148607.0,59.0,Homemaker,1.0,7.0
554.0,Female,31.0,139592.0,62.0,Marketing,1.0,1.0
555.0,Female,16.0,172051.0,62.0,Healthcare,1.0,3.0
556.0,Male,89.0,57033.0,99.0,Artist,0.0,4.0
557.0,Male,84.0,117612.0,63.0,Engineer,0.0,6.0
558.0,Male,40.0,185321.0,96.0,Artist,0.0,7.0
559.0,Female,17.0,186577.0,5.0,Healthcare,8.0,5.0
560.0,Male,0.0,151298.0,89.0,Artist,0.0,6.0
561.0,Female,69.0,123925.0,52.0,Artist,1.0,7.0
562.0,Female,17.0,169496.0,12.0,Lawyer,11.0,6.0
563.0,Female,0.0,142892.0,25.0,Entertainment,8.0,1.0
564.0,Female,34.0,58979.0,3.0,Entertainment,9.0,5.0
565.0,Female,51.0,141416.0,100.0,Healthcare,15.0,1.0
566.0,Male,54.0,104854.0,67.0,Healthcare,1.0,7.0
567.0,Female,19.0,180331.0,14.0,Artist,17.0,5.0
568.0,Female,99.0,172896.0,13.0,Engineer,0.0,3.0
569.0,Female,2.0,101451.0,82.0,Healthcare,4.0,3.0
570.0,Female,91.0,189974.0,37.0,Engineer,8.0,1.0
571.0,Male,65.0,90084.0,65.0,Artist,1.0,6.0
572.0,Female,47.0,112247.0,24.0,Executive,4.0,5.0
573.0,Female,91.0,181775.0,61.0,Artist,4.0,5.0
574.0,Female,64.0,59088.0,31.0,Artist,1.0,3.0
575.0,Female,91.0,60856.0,23.0,Artist,1.0,6.0
576.0,Male,32.0,149900.0,34.0,Artist,6.0,3.0
577.0,Male,15.0,142776.0,98.0,Engineer,8.0,5.0
578.0,Male,22.0,162598.0,84.0,Artist,8.0,3.0
579.0,Female,37.0,146195.0,89.0,Healthcare,4.0,4.0
580.0,Male,83.0,135268.0,53.0,Lawyer,4.0,5.0
581.0,Female,89.0,136037.0,1.0,Marketing,5.0,1.0
582.0,Female,33.0,111191.0,67.0,Artist,9.0,4.0
583.0,Female,13.0,144111.0,62.0,Entertainment,12.0,5.0
584.0,Female,71.0,177359.0,56.0,Doctor,6.0,2.0
585.0,Female,10.0,112818.0,85.0,Marketing,15.0,7.0
586.0,Male,49.0,53509.0,98.0,Artist,5.0,4.0
587.0,Female,9.0,168269.0,75.0,Executive,10.0,2.0
588.0,Female,53.0,86766.0,2.0,Lawyer,16.0,3.0
589.0,Female,63.0,52661.0,25.0,Healthcare,12.0,5.0
590.0,Female,46.0,148520.0,14.0,Healthcare,11.0,5.0
591.0,Male,42.0,149936.0,52.0,Artist,15.0,3.0
592.0,Female,73.0,102296.0,31.0,Entertainment,7.0,5.0
593.0,Male,75.0,178416.0,16.0,Executive,10.0,7.0
594.0,Female,49.0,83788.0,41.0,Doctor,15.0,1.0
595.0,Female,96.0,184771.0,77.0,Engineer,8.0,5.0
596.0,Female,52.0,70302.0,88.0,Executive,14.0,3.0
597.0,Female,15.0,58639.0,51.0,Entertainment,5.0,7.0
598.0,Male,91.0,97879.0,40.0,Entertainment,15.0,7.0
599.0,Male,22.0,64707.0,29.0,Entertainment,7.0,3.0
600.0,Male,62.0,71795.0,87.0,Healthcare,8.0,1.0
601.0,Male,41.0,76567.0,85.0,Doctor,16.0,1.0
602.0,Male,61.0,126370.0,20.0,,11.0,4.0
603.0,Female,71.0,154007.0,32.0,Artist,7.0,7.0
604.0,Female,91.0,69720.0,78.0,Lawyer,17.0,6.0
605.0,Female,94.0,85265.0,68.0,Executive,7.0,6.0
606.0,Female,3.0,155864.0,31.0,Healthcare,13.0,3.0
607.0,Female,15.0,99421.0,72.0,Artist,8.0,7.0
608.0,Female,96.0,145457.0,57.0,Executive,2.0,1.0
609.0,Male,12.0,118041.0,77.0,Artist,9.0,2.0
610.0,Female,23.0,73759.0,83.0,Doctor,0.0,7.0
611.0,Male,94.0,90082.0,17.0,Artist,5.0,7.0
612.0,Female,7.0,74928.0,12.0,Artist,0.0,6.0
613.0,Female,74.0,101352.0,36.0,Lawyer,0.0,5.0
614.0,Female,52.0,93947.0,81.0,Healthcare,9.0,2.0
615.0,Male,39.0,134629.0,23.0,Engineer,1.0,6.0
616.0,Male,72.0,101858.0,70.0,Healthcare,8.0,6.0
617.0,Female,55.0,165501.0,47.0,Artist,10.0,4.0
618.0,Male,29.0,135931.0,74.0,Lawyer,5.0,1.0
619.0,Male,38.0,103356.0,20.0,Marketing,1.0,6.0
620.0,Female,44.0,75195.0,79.0,Artist,1.0,3.0
621.0,Male,58.0,123083.0,44.0,Entertainment,6.0,5.0
622.0,Male,77.0,73884.0,30.0,Healthcare,1.0,2.0
623.0,Female,56.0,91180.0,61.0,Entertainment,1.0,7.0
624.0,Male,79.0,86235.0,52.0,Artist,0.0,2.0
625.0,Female,97.0,96400.0,4.0,Doctor,1.0,7.0
626.0,Male,78.0,83599.0,12.0,Healthcare,1.0,6.0
627.0,Female,91.0,82535.0,50.0,Healthcare,0.0,1.0
628.0,Male,35.0,92227.0,8.0,Lawyer,0.0,5.0
629.0,Female,43.0,150444.0,27.0,Artist,13.0,4.0
630.0,Female,37.0,149095.0,83.0,Lawyer,1.0,2.0
631.0,Male,63.0,113605.0,42.0,Artist,3.0,3.0
632.0,Female,16.0,93854.0,82.0,Healthcare,0.0,7.0
633.0,Male,32.0,118280.0,92.0,Artist,0.0,5.0
634.0,Male,91.0,94576.0,90.0,Artist,0.0,1.0
635.0,Female,33.0,129257.0,70.0,Executive,6.0,3.0
636.0,Female,57.0,70373.0,10.0,Healthcare,2.0,6.0
637.0,Female,43.0,77600.0,66.0,Healthcare,0.0,1.0
638.0,Female,26.0,113707.0,97.0,Entertainment,0.0,5.0
639.0,Female,59.0,189672.0,8.0,Doctor,0.0,7.0
640.0,Female,61.0,143180.0,58.0,Artist,0.0,5.0
641.0,Female,59.0,174890.0,14.0,Marketing,3.0,4.0
642.0,Male,66.0,121377.0,19.0,,7.0,7.0
643.0,Male,26.0,154857.0,13.0,Healthcare,0.0,7.0
644.0,Female,67.0,160945.0,51.0,Healthcare,0.0,5.0
645.0,Female,85.0,119557.0,35.0,Artist,0.0,2.0
646.0,Female,76.0,187141.0,33.0,Doctor,0.0,7.0
647.0,Female,57.0,97468.0,22.0,Artist,0.0,1.0
648.0,Female,77.0,160351.0,77.0,Lawyer,8.0,5.0
649.0,Female,66.0,178627.0,,Healthcare,1.0,2.0
650.0,Female,49.0,170188.0,80.0,Lawyer,1.0,6.0
651.0,Female,36.0,166007.0,40.0,Doctor,1.0,4.0
652.0,Male,74.0,91794.0,83.0,Entertainment,0.0,7.0
653.0,Female,16.0,189072.0,86.0,Artist,6.0,3.0
654.0,Male,27.0,152717.0,15.0,Executive,1.0,6.0
655.0,Female,3.0,158549.0,98.0,Executive,0.0,3.0
656.0,Male,31.0,134263.0,94.0,Marketing,1.0,3.0
657.0,Female,30.0,148236.0,28.0,Executive,1.0,1.0
658.0,Male,94.0,171677.0,81.0,Artist,0.0,6.0
659.0,Female,31.0,189446.0,38.0,Artist,1.0,6.0
660.0,Male,49.0,106633.0,53.0,Artist,0.0,3.0
661.0,Male,49.0,81084.0,48.0,Executive,6.0,5.0
662.0,Male,53.0,148759.0,52.0,Doctor,7.0,7.0
663.0,Female,3.0,117638.0,95.0,Healthcare,2.0,7.0
664.0,Female,91.0,159537.0,37.0,Doctor,4.0,1.0
665.0,Male,26.0,79526.0,6.0,Marketing,9.0,7.0
666.0,Male,28.0,101414.0,64.0,,8.0,1.0
667.0,Female,92.0,109519.0,72.0,Entertainment,1.0,4.0
668.0,Female,59.0,156880.0,70.0,Artist,0.0,7.0
669.0,Male,15.0,157278.0,58.0,Artist,0.0,6.0
670.0,Female,23.0,144916.0,84.0,Engineer,1.0,7.0
671.0,Male,54.0,59163.0,100.0,Marketing,3.0,3.0
672.0,Female,,93991.0,49.0,Artist,1.0,3.0
673.0,Female,65.0,58318.0,45.0,Doctor,1.0,1.0
674.0,Female,13.0,180786.0,88.0,Lawyer,1.0,5.0
675.0,Male,71.0,84622.0,45.0,Doctor,0.0,6.0
676.0,Male,1.0,92674.0,59.0,Artist,8.0,4.0
677.0,Female,57.0,87553.0,94.0,Artist,1.0,1.0
678.0,Male,14.0,74174.0,79.0,Entertainment,1.0,2.0
679.0,Female,77.0,180831.0,33.0,Healthcare,1.0,2.0
680.0,Female,89.0,137397.0,33.0,Doctor,1.0,7.0
681.0,Male,17.0,96154.0,100.0,Artist,1.0,4.0
682.0,Male,86.0,172477.0,69.0,Entertainment,1.0,3.0
683.0,Male,42.0,59954.0,37.0,Executive,4.0,4.0
684.0,Female,29.0,112240.0,95.0,Entertainment,0.0,4.0
685.0,Female,54.0,145679.0,35.0,Artist,0.0,2.0
686.0,Male,96.0,136265.0,49.0,Artist,12.0,5.0
687.0,Female,58.0,74869.0,12.0,Healthcare,0.0,3.0
688.0,Female,52.0,109425.0,46.0,Engineer,0.0,1.0
689.0,Female,3.0,126015.0,57.0,Healthcare,0.0,1.0
690.0,Female,13.0,156951.0,66.0,Healthcare,4.0,7.0
691.0,Female,3.0,127172.0,68.0,Healthcare,1.0,2.0
692.0,Male,89.0,113834.0,22.0,Doctor,0.0,3.0
693.0,Male,83.0,132005.0,2.0,Entertainment,0.0,5.0
694.0,Female,80.0,171323.0,78.0,Lawyer,10.0,4.0
695.0,Female,74.0,92355.0,87.0,Entertainment,1.0,4.0
696.0,Male,42.0,60982.0,3.0,Healthcare,0.0,5.0
697.0,Female,91.0,51742.0,33.0,Artist,8.0,3.0
698.0,Female,31.0,138612.0,71.0,Executive,9.0,2.0
699.0,Male,8.0,158123.0,84.0,Artist,1.0,1.0
700.0,Male,64.0,164675.0,65.0,Executive,0.0,5.0
701.0,Female,41.0,172882.0,27.0,Healthcare,8.0,7.0
702.0,Female,62.0,70119.0,93.0,Artist,0.0,1.0
703.0,Male,41.0,113998.0,26.0,Healthcare,7.0,7.0
704.0,Male,22.0,114011.0,40.0,,5.0,7.0
705.0,Male,5.0,57265.0,89.0,Entertainment,7.0,7.0
706.0,Female,38.0,130597.0,2.0,Artist,6.0,1.0
707.0,Female,88.0,121597.0,7.0,Engineer,0.0,5.0
708.0,Male,56.0,103210.0,100.0,Artist,6.0,6.0
709.0,Male,47.0,66308.0,8.0,Executive,0.0,4.0
710.0,Male,4.0,141336.0,93.0,Homemaker,2.0,1.0
711.0,Male,82.0,153632.0,76.0,Entertainment,9.0,7.0
712.0,Female,31.0,65520.0,71.0,Lawyer,1.0,2.0
713.0,Female,69.0,153217.0,83.0,Healthcare,1.0,6.0
714.0,Male,62.0,92768.0,75.0,Doctor,1.0,1.0
715.0,Female,54.0,132345.0,10.0,Artist,0.0,2.0
716.0,Female,60.0,186069.0,49.0,Marketing,1.0,2.0
717.0,Female,31.0,53802.0,32.0,Artist,1.0,7.0
718.0,Female,17.0,103739.0,62.0,Healthcare,6.0,4.0
719.0,Female,15.0,50550.0,34.0,Healthcare,9.0,7.0
720.0,Female,37.0,145648.0,21.0,Healthcare,7.0,6.0
721.0,Male,36.0,85737.0,37.0,Executive,0.0,3.0
722.0,Female,27.0,99950.0,20.0,Entertainment,0.0,4.0
723.0,Female,11.0,83220.0,21.0,Engineer,7.0,4.0
724.0,Male,83.0,73410.0,50.0,Entertainment,8.0,5.0
725.0,Female,71.0,64310.0,43.0,Marketing,2.0,1.0
726.0,Female,20.0,59844.0,79.0,Doctor,0.0,1.0
727.0,Male,3.0,67787.0,1.0,Executive,1.0,6.0
728.0,Male,52.0,172841.0,4.0,Engineer,0.0,1.0
729.0,Male,75.0,145528.0,61.0,Healthcare,1.0,2.0
730.0,Male,36.0,173807.0,42.0,Artist,0.0,2.0
731.0,Male,60.0,185794.0,69.0,Entertainment,7.0,1.0
732.0,Male,8.0,119780.0,71.0,Healthcare,1.0,3.0
733.0,Female,9.0,158596.0,86.0,Artist,1.0,2.0
734.0,Female,41.0,118122.0,52.0,Entertainment,0.0,6.0
735.0,Male,38.0,99964.0,11.0,Healthcare,7.0,4.0
736.0,Female,69.0,120752.0,27.0,Executive,1.0,6.0
737.0,Female,33.0,189630.0,53.0,Executive,5.0,5.0
738.0,Male,64.0,125510.0,6.0,Healthcare,3.0,3.0
739.0,Male,19.0,101799.0,49.0,Engineer,1.0,1.0
740.0,Female,88.0,92914.0,74.0,Artist,0.0,3.0
741.0,Female,91.0,162465.0,59.0,Engineer,9.0,3.0
742.0,Male,84.0,163818.0,27.0,Engineer,2.0,1.0
743.0,Female,43.0,53832.0,56.0,Entertainment,4.0,1.0
744.0,Female,30.0,140190.0,49.0,Engineer,1.0,4.0
745.0,Male,16.0,125836.0,69.0,Healthcare,1.0,4.0
746.0,Male,89.0,100938.0,27.0,Entertainment,0.0,7.0
747.0,Male,5.0,168670.0,37.0,Artist,1.0,3.0
748.0,Female,54.0,176885.0,10.0,Entertainment,0.0,3.0
749.0,Female,41.0,111174.0,28.0,Artist,4.0,5.0
750.0,Male,80.0,127335.0,97.0,Artist,6.0,6.0
751.0,Male,37.0,149103.0,3.0,Healthcare,10.0,1.0
752.0,Male,87.0,167705.0,31.0,Healthcare,0.0,7.0
753.0,Female,50.0,183548.0,85.0,Entertainment,1.0,4.0
754.0,Female,14.0,50396.0,46.0,Lawyer,0.0,6.0
755.0,Female,17.0,63557.0,3.0,Marketing,1.0,1.0
756.0,Female,98.0,87878.0,55.0,Artist,1.0,6.0
757.0,Male,3.0,55634.0,53.0,Engineer,8.0,3.0
758.0,Female,83.0,118110.0,26.0,Engineer,1.0,5.0
759.0,Male,13.0,129396.0,36.0,Artist,6.0,6.0
760.0,Female,46.0,62628.0,64.0,Entertainment,8.0,6.0
761.0,Female,25.0,51700.0,17.0,Healthcare,4.0,6.0
762.0,Female,4.0,106816.0,49.0,Artist,7.0,5.0
763.0,Male,64.0,93000.0,67.0,Lawyer,0.0,2.0
764.0,Female,84.0,144148.0,71.0,Doctor,1.0,4.0
765.0,Male,12.0,101388.0,90.0,Artist,0.0,2.0
766.0,Female,56.0,171560.0,78.0,Engineer,0.0,2.0
767.0,Male,58.0,156366.0,60.0,Entertainment,8.0,1.0
768.0,Female,0.0,143910.0,22.0,Marketing,1.0,7.0
769.0,Female,25.0,106569.0,84.0,Engineer,1.0,3.0
770.0,Male,28.0,173009.0,25.0,Healthcare,9.0,6.0
771.0,Male,78.0,54252.0,29.0,Engineer,0.0,5.0
772.0,Male,56.0,104600.0,57.0,Entertainment,6.0,3.0
773.0,Male,91.0,50250.0,54.0,Artist,0.0,2.0
774.0,Male,77.0,93242.0,84.0,Entertainment,0.0,7.0
775.0,Female,83.0,156839.0,38.0,Artist,3.0,7.0
776.0,Female,64.0,71305.0,39.0,Artist,9.0,2.0
777.0,Male,19.0,85975.0,73.0,Entertainment,0.0,6.0
778.0,Male,94.0,188107.0,52.0,Engineer,10.0,2.0
779.0,Male,19.0,82333.0,35.0,Marketing,1.0,2.0
780.0,Male,84.0,125016.0,25.0,Entertainment,1.0,7.0
781.0,Female,10.0,148908.0,10.0,Healthcare,2.0,3.0
782.0,Female,19.0,58217.0,70.0,Artist,0.0,1.0
783.0,Male,74.0,76521.0,29.0,Engineer,7.0,4.0
784.0,Female,95.0,117763.0,42.0,Artist,1.0,2.0
785.0,Female,34.0,115184.0,93.0,Homemaker,1.0,4.0
786.0,Male,30.0,54251.0,7.0,Artist,2.0,6.0
787.0,Female,53.0,112530.0,24.0,Entertainment,2.0,6.0
788.0,Male,67.0,107409.0,2.0,Artist,1.0,6.0
789.0,Female,23.0,84793.0,23.0,Homemaker,9.0,6.0
790.0,Female,25.0,66952.0,79.0,Entertainment,1.0,2.0
791.0,Female,84.0,153465.0,11.0,Lawyer,1.0,4.0
792.0,Female,1.0,178214.0,17.0,Artist,1.0,7.0
793.0,Male,70.0,152069.0,42.0,Entertainment,4.0,4.0
794.0,Female,56.0,132860.0,17.0,Healthcare,7.0,2.0
795.0,Female,0.0,147719.0,86.0,Lawyer,1.0,7.0
796.0,Female,91.0,172915.0,29.0,Doctor,9.0,1.0
797.0,Female,81.0,148594.0,29.0,Entertainment,3.0,5.0
798.0,Male,33.0,61986.0,77.0,Executive,0.0,1.0
799.0,Male,75.0,91456.0,13.0,Artist,1.0,4.0
800.0,Male,11.0,166247.0,84.0,Executive,1.0,2.0
801.0,Female,61.0,140516.0,50.0,Artist,0.0,3.0
802.0,Male,81.0,148208.0,36.0,,5.0,7.0
803.0,Female,62.0,133822.0,78.0,Marketing,0.0,4.0
804.0,Female,44.0,175424.0,32.0,Artist,4.0,5.0
805.0,Female,67.0,121528.0,92.0,Healthcare,8.0,4.0
806.0,Female,30.0,189369.0,69.0,Healthcare,0.0,3.0
807.0,Female,92.0,80808.0,26.0,Artist,1.0,1.0
808.0,Male,25.0,57535.0,84.0,Entertainment,1.0,7.0
809.0,Female,61.0,163509.0,51.0,Healthcare,0.0,4.0
810.0,Female,72.0,75884.0,57.0,Executive,0.0,7.0
811.0,Female,89.0,157759.0,52.0,Artist,1.0,6.0
812.0,Female,37.0,184813.0,44.0,Executive,0.0,2.0
813.0,Male,59.0,187253.0,51.0,Executive,8.0,7.0
814.0,Male,41.0,81718.0,36.0,Entertainment,1.0,3.0
815.0,Male,60.0,150019.0,37.0,Doctor,1.0,2.0
816.0,Female,81.0,53452.0,73.0,Entertainment,1.0,6.0
817.0,Male,85.0,150765.0,42.0,Homemaker,8.0,2.0
818.0,Female,91.0,154456.0,71.0,,0.0,7.0
819.0,Female,65.0,56647.0,12.0,Doctor,6.0,4.0
820.0,Female,19.0,117477.0,48.0,Healthcare,6.0,7.0
821.0,Female,78.0,79677.0,9.0,Artist,10.0,7.0
822.0,Female,0.0,116759.0,28.0,Marketing,7.0,3.0
823.0,Male,26.0,180702.0,21.0,Entertainment,6.0,1.0
824.0,Female,2.0,122698.0,100.0,Entertainment,8.0,1.0
825.0,Female,60.0,169346.0,55.0,Healthcare,7.0,2.0
826.0,Female,67.0,93176.0,25.0,Artist,4.0,1.0
827.0,Female,4.0,75853.0,40.0,Homemaker,4.0,5.0
828.0,Male,7.0,119362.0,58.0,Engineer,8.0,1.0
829.0,Male,28.0,81545.0,36.0,Artist,4.0,7.0
830.0,Male,67.0,67372.0,75.0,Artist,0.0,7.0
831.0,Female,30.0,109703.0,61.0,Executive,1.0,1.0
832.0,Male,38.0,166697.0,39.0,Marketing,13.0,4.0
833.0,Female,40.0,124982.0,34.0,Engineer,1.0,7.0
834.0,Female,6.0,146776.0,83.0,Lawyer,1.0,7.0
835.0,Female,3.0,147548.0,45.0,Executive,4.0,5.0
836.0,Female,51.0,117620.0,60.0,Healthcare,7.0,6.0
837.0,Male,63.0,85351.0,57.0,Healthcare,0.0,2.0
838.0,Male,65.0,174432.0,8.0,Artist,0.0,7.0
839.0,Male,44.0,70787.0,68.0,Doctor,1.0,3.0
840.0,Female,90.0,75473.0,63.0,Healthcare,0.0,7.0
841.0,Male,76.0,90082.0,49.0,Healthcare,1.0,6.0
842.0,Female,62.0,185388.0,54.0,Healthcare,0.0,2.0
843.0,Female,5.0,168110.0,69.0,Doctor,14.0,6.0
844.0,Female,67.0,184628.0,38.0,Artist,12.0,2.0
845.0,Female,38.0,176551.0,45.0,Healthcare,8.0,1.0
846.0,Female,31.0,76422.0,21.0,Healthcare,9.0,7.0
847.0,Male,2.0,164248.0,51.0,Entertainment,9.0,3.0
848.0,Female,82.0,109188.0,38.0,Lawyer,5.0,7.0
849.0,Female,66.0,132951.0,26.0,Healthcare,4.0,1.0
850.0,Female,75.0,164598.0,32.0,Healthcare,8.0,1.0
851.0,Male,69.0,186655.0,32.0,,7.0,2.0
852.0,Female,62.0,111859.0,86.0,Healthcare,6.0,1.0
853.0,Female,0.0,121926.0,41.0,Lawyer,7.0,1.0
854.0,Female,11.0,143047.0,42.0,Executive,1.0,3.0
855.0,Female,22.0,131748.0,23.0,Artist,1.0,3.0
856.0,Male,76.0,142801.0,23.0,Lawyer,0.0,1.0
857.0,Male,85.0,142723.0,46.0,Engineer,0.0,6.0
858.0,Male,21.0,155151.0,16.0,Marketing,14.0,3.0
859.0,Female,64.0,153607.0,48.0,Healthcare,1.0,4.0
860.0,Male,94.0,144192.0,34.0,Healthcare,0.0,3.0
861.0,Female,83.0,174159.0,22.0,Lawyer,4.0,4.0
862.0,Female,93.0,73642.0,50.0,Marketing,0.0,3.0
863.0,Female,12.0,170319.0,46.0,Artist,8.0,7.0
864.0,Female,0.0,141351.0,10.0,Engineer,0.0,2.0
865.0,Female,79.0,167411.0,9.0,Marketing,12.0,5.0
866.0,Male,90.0,58289.0,49.0,Artist,5.0,6.0
867.0,Female,45.0,79801.0,77.0,Doctor,0.0,2.0
868.0,Female,82.0,146118.0,52.0,Marketing,8.0,7.0
869.0,Female,57.0,57337.0,14.0,Healthcare,1.0,4.0
870.0,Female,43.0,113575.0,6.0,Entertainment,1.0,2.0
871.0,Male,63.0,122658.0,65.0,Engineer,6.0,2.0
872.0,Female,62.0,151836.0,13.0,Artist,0.0,6.0
873.0,Female,43.0,185900.0,80.0,Homemaker,9.0,4.0
874.0,Female,34.0,94029.0,98.0,Healthcare,1.0,4.0
875.0,Female,30.0,157290.0,22.0,Artist,2.0,2.0
876.0,Male,97.0,175996.0,42.0,Entertainment,10.0,4.0
877.0,Male,68.0,102016.0,37.0,Artist,0.0,4.0
878.0,Male,16.0,77902.0,67.0,Artist,1.0,2.0
879.0,Female,15.0,81138.0,86.0,Healthcare,9.0,7.0
880.0,Male,25.0,128258.0,48.0,Executive,0.0,2.0
881.0,Female,29.0,62475.0,24.0,Artist,6.0,4.0
882.0,Female,85.0,82854.0,75.0,Artist,6.0,4.0
883.0,Female,30.0,59284.0,38.0,Doctor,7.0,7.0
884.0,Female,13.0,141580.0,92.0,Healthcare,0.0,4.0
885.0,Female,88.0,171362.0,90.0,Executive,6.0,4.0
886.0,Male,5.0,78274.0,65.0,Artist,9.0,2.0
887.0,Female,95.0,76646.0,61.0,Artist,0.0,1.0
888.0,Female,92.0,78308.0,66.0,Executive,5.0,2.0
889.0,Female,63.0,78971.0,89.0,Engineer,1.0,2.0
890.0,Female,75.0,65528.0,73.0,Marketing,1.0,5.0
891.0,Male,67.0,94199.0,71.0,Artist,5.0,7.0
892.0,Female,58.0,135705.0,48.0,Engineer,8.0,7.0
893.0,Male,52.0,130573.0,31.0,Entertainment,8.0,3.0
894.0,Female,85.0,152303.0,68.0,Artist,1.0,5.0
895.0,Female,31.0,144582.0,89.0,Doctor,1.0,1.0
896.0,Female,84.0,93288.0,60.0,Artist,10.0,6.0
897.0,Female,93.0,88192.0,3.0,Marketing,10.0,2.0
898.0,Male,18.0,62362.0,81.0,Lawyer,7.0,3.0
899.0,Male,73.0,74350.0,39.0,Lawyer,10.0,1.0
900.0,Male,3.0,144103.0,42.0,Healthcare,8.0,7.0
901.0,Male,1.0,75518.0,17.0,Lawyer,7.0,3.0
902.0,Male,53.0,160980.0,62.0,Doctor,4.0,2.0
903.0,Female,75.0,102904.0,28.0,Artist,7.0,6.0
904.0,Female,15.0,174501.0,37.0,,9.0,7.0
905.0,Female,47.0,157661.0,57.0,Healthcare,6.0,6.0
906.0,Female,66.0,118385.0,8.0,Healthcare,10.0,3.0
907.0,Female,17.0,116463.0,100.0,Artist,8.0,4.0
908.0,Female,1.0,161212.0,14.0,Artist,9.0,6.0
909.0,Male,16.0,172601.0,50.0,Marketing,4.0,6.0
910.0,Female,52.0,167214.0,94.0,Homemaker,8.0,7.0
911.0,Male,21.0,69644.0,19.0,Artist,5.0,1.0
912.0,Female,19.0,120215.0,46.0,Homemaker,7.0,2.0
913.0,Female,29.0,180401.0,23.0,Engineer,7.0,6.0
914.0,Female,40.0,113739.0,93.0,Artist,5.0,7.0
915.0,Male,76.0,111717.0,41.0,Healthcare,1.0,2.0
916.0,Male,91.0,62808.0,20.0,Engineer,0.0,4.0
917.0,Female,24.0,67582.0,13.0,Artist,1.0,3.0
918.0,Male,4.0,96543.0,60.0,Artist,9.0,1.0
919.0,Male,90.0,89667.0,69.0,Artist,0.0,2.0
920.0,Female,56.0,98980.0,65.0,Engineer,0.0,1.0
921.0,Male,14.0,124998.0,17.0,Lawyer,1.0,3.0
922.0,Male,52.0,189091.0,12.0,Artist,0.0,6.0
923.0,Female,14.0,153842.0,3.0,Artist,1.0,3.0
924.0,Male,30.0,106314.0,16.0,Artist,0.0,7.0
925.0,Female,70.0,62901.0,60.0,Artist,8.0,5.0
926.0,Male,14.0,149618.0,78.0,Healthcare,4.0,6.0
927.0,Female,95.0,72068.0,97.0,Healthcare,0.0,6.0
928.0,Male,25.0,81367.0,87.0,,0.0,3.0
929.0,Female,95.0,118575.0,10.0,Entertainment,1.0,3.0
930.0,Female,12.0,82382.0,97.0,Executive,1.0,3.0
931.0,Male,82.0,114776.0,55.0,Entertainment,10.0,3.0
932.0,Female,2.0,145597.0,81.0,Artist,1.0,6.0
933.0,Male,51.0,162072.0,86.0,Engineer,1.0,1.0
934.0,Male,63.0,172872.0,11.0,Healthcare,0.0,7.0
935.0,Female,30.0,182162.0,6.0,Artist,1.0,3.0
936.0,Female,68.0,71467.0,81.0,Artist,5.0,7.0
937.0,Female,21.0,85568.0,1.0,Healthcare,0.0,6.0
938.0,Female,99.0,56851.0,72.0,Entertainment,6.0,3.0
939.0,Female,0.0,116782.0,73.0,Artist,9.0,5.0
940.0,Female,80.0,67781.0,1.0,Entertainment,4.0,4.0
941.0,Female,51.0,70152.0,29.0,Healthcare,0.0,2.0
942.0,Male,18.0,185861.0,82.0,Artist,3.0,6.0
943.0,Male,43.0,162595.0,17.0,Artist,3.0,3.0
944.0,Female,29.0,80098.0,54.0,Lawyer,10.0,6.0
945.0,Female,20.0,184801.0,8.0,Lawyer,1.0,1.0
946.0,Female,39.0,58908.0,37.0,Artist,6.0,6.0
947.0,Female,9.0,146011.0,69.0,Marketing,9.0,5.0
948.0,Female,45.0,135174.0,39.0,Artist,9.0,4.0
949.0,Female,65.0,114244.0,64.0,Artist,0.0,1.0
950.0,Female,64.0,157207.0,52.0,Healthcare,0.0,4.0
951.0,Female,81.0,128834.0,23.0,Entertainment,5.0,4.0
952.0,Male,54.0,51166.0,24.0,Entertainment,0.0,7.0
953.0,Female,32.0,130118.0,36.0,Artist,0.0,4.0
954.0,Male,29.0,87014.0,71.0,Doctor,11.0,4.0
955.0,Female,25.0,111379.0,93.0,Artist,0.0,2.0
956.0,Male,5.0,83704.0,82.0,Entertainment,1.0,1.0
957.0,Female,55.0,90558.0,49.0,Healthcare,8.0,2.0
958.0,Male,12.0,187343.0,14.0,Healthcare,6.0,3.0
959.0,Female,81.0,111174.0,48.0,Entertainment,9.0,6.0
960.0,Male,87.0,64461.0,63.0,Engineer,4.0,4.0
961.0,Male,12.0,109618.0,97.0,Artist,7.0,3.0
962.0,Male,91.0,189357.0,4.0,Lawyer,7.0,1.0
963.0,Female,63.0,120955.0,79.0,Artist,6.0,1.0
964.0,Female,97.0,168898.0,54.0,Homemaker,8.0,7.0
965.0,Male,89.0,130431.0,52.0,Healthcare,6.0,3.0
966.0,Male,59.0,161091.0,56.0,Engineer,9.0,1.0
967.0,Female,26.0,69988.0,2.0,Homemaker,5.0,4.0
968.0,Female,5.0,169702.0,98.0,Doctor,5.0,1.0
969.0,Male,32.0,186897.0,49.0,Healthcare,1.0,7.0
970.0,Female,98.0,109061.0,41.0,Engineer,6.0,1.0
971.0,Male,31.0,188620.0,30.0,Artist,3.0,6.0
972.0,Female,59.0,108675.0,57.0,Artist,4.0,5.0
973.0,Female,80.0,177601.0,34.0,Entertainment,0.0,2.0
974.0,Female,12.0,87365.0,3.0,Marketing,1.0,2.0
975.0,Male,80.0,95929.0,23.0,Engineer,0.0,2.0
976.0,Male,59.0,97185.0,87.0,Entertainment,0.0,5.0
977.0,Female,56.0,103838.0,17.0,Artist,1.0,2.0
978.0,Male,18.0,129260.0,11.0,Doctor,1.0,3.0
979.0,Female,66.0,151184.0,19.0,Artist,1.0,4.0
980.0,Female,67.0,177512.0,62.0,Engineer,2.0,3.0
981.0,Male,39.0,140099.0,51.0,Lawyer,0.0,7.0
982.0,Male,23.0,67535.0,97.0,Healthcare,7.0,6.0
983.0,Male,47.0,133236.0,61.0,Executive,1.0,6.0
984.0,Female,41.0,87975.0,5.0,Homemaker,9.0,7.0
985.0,Female,40.0,164350.0,23.0,,0.0,5.0
986.0,Male,36.0,55109.0,53.0,Artist,8.0,3.0
987.0,Female,12.0,67613.0,40.0,Entertainment,1.0,2.0
988.0,Female,60.0,185306.0,47.0,Entertainment,0.0,2.0
989.0,Female,24.0,154787.0,84.0,Executive,3.0,5.0
990.0,Female,17.0,109759.0,96.0,Artist,9.0,3.0
991.0,Female,92.0,114571.0,51.0,Executive,1.0,3.0
992.0,Male,32.0,130697.0,93.0,Artist,1.0,2.0
993.0,Male,39.0,115916.0,24.0,Doctor,13.0,6.0
994.0,Female,50.0,69814.0,53.0,Artist,9.0,2.0
995.0,Female,85.0,118161.0,74.0,Engineer,0.0,4.0
996.0,Male,65.0,56583.0,65.0,Healthcare,2.0,3.0
997.0,Female,17.0,185843.0,36.0,Artist,4.0,3.0
998.0,Female,31.0,171825.0,22.0,Entertainment,10.0,4.0
999.0,Male,24.0,77976.0,95.0,Artist,11.0,3.0
1000.0,Male,97.0,66312.0,75.0,Entertainment,0.0,1.0
1001.0,Female,92.0,81839.0,11.0,Entertainment,0.0,4.0
1002.0,Female,80.0,55712.0,5.0,Artist,5.0,6.0
1003.0,Male,33.0,158335.0,45.0,Healthcare,2.0,5.0
1004.0,Male,8.0,74253.0,45.0,Lawyer,1.0,6.0
1005.0,Male,67.0,119625.0,3.0,Healthcare,4.0,4.0
1006.0,Female,8.0,129743.0,6.0,Artist,0.0,2.0
1007.0,Female,61.0,101007.0,60.0,Lawyer,0.0,6.0
1008.0,Male,83.0,87529.0,49.0,Artist,9.0,7.0
1009.0,Male,8.0,151648.0,98.0,Healthcare,8.0,6.0
1010.0,Male,69.0,61637.0,67.0,,0.0,5.0
1011.0,Male,14.0,164659.0,59.0,Entertainment,1.0,6.0
1012.0,Female,80.0,125623.0,62.0,Executive,0.0,4.0
1013.0,Female,85.0,104054.0,22.0,Artist,8.0,4.0
1014.0,Male,88.0,83535.0,56.0,Artist,1.0,5.0
1015.0,Female,76.0,166245.0,13.0,Executive,7.0,3.0
1016.0,Female,32.0,100890.0,60.0,Entertainment,4.0,4.0
1017.0,Female,99.0,55972.0,83.0,Entertainment,1.0,7.0
1018.0,Female,85.0,134282.0,39.0,Artist,2.0,5.0
1019.0,Female,25.0,106669.0,22.0,Lawyer,1.0,7.0
1020.0,Female,99.0,145777.0,94.0,Executive,1.0,5.0
1021.0,Male,41.0,119259.0,91.0,Healthcare,1.0,5.0
1022.0,Female,1.0,150174.0,59.0,Artist,2.0,2.0
1023.0,Female,45.0,55472.0,51.0,Healthcare,1.0,3.0
1024.0,Male,55.0,99423.0,82.0,Healthcare,0.0,5.0
1025.0,Female,20.0,146221.0,25.0,Marketing,0.0,3.0
1026.0,Female,33.0,84238.0,31.0,Artist,1.0,2.0
1027.0,Male,92.0,57032.0,75.0,Entertainment,1.0,5.0
1028.0,Male,93.0,88811.0,52.0,Engineer,0.0,4.0
1029.0,Male,60.0,167420.0,38.0,Artist,5.0,2.0
1030.0,Male,38.0,101846.0,17.0,Doctor,3.0,2.0
1031.0,Male,15.0,114061.0,87.0,Artist,2.0,5.0
1032.0,Male,74.0,147449.0,16.0,Artist,1.0,5.0
1033.0,Female,47.0,83043.0,76.0,Executive,0.0,1.0
1034.0,Female,96.0,168990.0,81.0,Doctor,9.0,5.0
1035.0,Male,97.0,73867.0,65.0,Healthcare,4.0,5.0
1036.0,Female,35.0,165772.0,51.0,Healthcare,1.0,4.0
1037.0,Female,19.0,178217.0,38.0,Marketing,0.0,3.0
1038.0,Male,60.0,162612.0,98.0,Engineer,1.0,6.0
1039.0,Male,37.0,99872.0,53.0,Entertainment,11.0,3.0
1040.0,Female,49.0,142566.0,77.0,Artist,1.0,7.0
1041.0,Female,1.0,111424.0,80.0,Entertainment,8.0,5.0
1042.0,Male,43.0,187841.0,38.0,Artist,1.0,4.0
1043.0,Female,46.0,171921.0,50.0,Artist,1.0,6.0
1044.0,Female,65.0,115299.0,87.0,Artist,6.0,3.0
1045.0,Male,75.0,94129.0,27.0,Healthcare,6.0,7.0
1046.0,Male,40.0,172378.0,39.0,Entertainment,5.0,6.0
1047.0,Male,28.0,146597.0,31.0,Engineer,1.0,4.0
1048.0,Female,78.0,64057.0,44.0,Doctor,0.0,3.0
1049.0,Female,22.0,163585.0,49.0,Artist,9.0,5.0
1050.0,Male,6.0,93186.0,83.0,Entertainment,1.0,3.0
1051.0,Male,46.0,149764.0,1.0,Entertainment,0.0,6.0
1052.0,Male,17.0,116822.0,84.0,Doctor,1.0,3.0
1053.0,Female,46.0,109346.0,37.0,Entertainment,1.0,2.0
1054.0,Female,72.0,111587.0,99.0,Artist,7.0,4.0
1055.0,Female,38.0,166644.0,66.0,Artist,8.0,6.0
1056.0,Female,50.0,181270.0,56.0,Artist,1.0,1.0
1057.0,Male,47.0,65207.0,81.0,Healthcare,1.0,2.0
1058.0,Female,72.0,112146.0,21.0,Homemaker,8.0,4.0
1059.0,Male,8.0,104953.0,57.0,Doctor,1.0,6.0
1060.0,Female,34.0,139009.0,24.0,Artist,0.0,4.0
1061.0,Female,53.0,67916.0,82.0,Healthcare,0.0,6.0
1062.0,Female,82.0,99983.0,88.0,Executive,0.0,1.0
1063.0,Male,63.0,131122.0,40.0,Artist,9.0,6.0
1064.0,Female,58.0,173190.0,37.0,Doctor,9.0,4.0
1065.0,Male,23.0,122712.0,21.0,Marketing,1.0,1.0
1066.0,Female,80.0,55792.0,30.0,Artist,1.0,6.0
1067.0,Male,45.0,73892.0,45.0,Doctor,1.0,4.0
1068.0,Female,30.0,78821.0,46.0,,1.0,4.0
1069.0,Female,84.0,152475.0,12.0,Artist,0.0,7.0
1070.0,Male,45.0,152226.0,87.0,Artist,4.0,4.0
1071.0,Male,85.0,117679.0,18.0,Entertainment,1.0,3.0
1072.0,Male,23.0,146473.0,87.0,Artist,1.0,4.0
1073.0,Male,79.0,66051.0,75.0,Healthcare,1.0,7.0
1074.0,Male,47.0,162332.0,72.0,Entertainment,1.0,5.0
1075.0,Female,93.0,166018.0,71.0,Doctor,0.0,3.0
1076.0,Female,95.0,67398.0,81.0,Entertainment,2.0,5.0
1077.0,Male,44.0,73760.0,70.0,Entertainment,1.0,6.0
1078.0,Male,95.0,167578.0,66.0,Entertainment,0.0,1.0
1079.0,Male,28.0,130267.0,45.0,Engineer,8.0,4.0
1080.0,Male,91.0,94846.0,95.0,Engineer,0.0,5.0
1081.0,Female,81.0,155396.0,1.0,Engineer,9.0,5.0
1082.0,Female,90.0,138013.0,16.0,Artist,8.0,7.0
1083.0,Male,79.0,148286.0,77.0,Entertainment,0.0,4.0
1084.0,Female,6.0,101031.0,28.0,Artist,1.0,1.0
1085.0,Female,38.0,52884.0,24.0,Lawyer,1.0,1.0
1086.0,Male,87.0,153230.0,15.0,Healthcare,8.0,1.0
1087.0,Female,93.0,63261.0,13.0,Engineer,1.0,7.0
1088.0,Male,44.0,90167.0,84.0,Engineer,0.0,3.0
1089.0,Female,10.0,162076.0,78.0,,0.0,3.0
1090.0,Female,84.0,53622.0,27.0,Artist,0.0,3.0
1091.0,Female,7.0,172913.0,94.0,Executive,3.0,4.0
1092.0,Female,41.0,94316.0,86.0,Artist,0.0,6.0
1093.0,Male,87.0,141383.0,3.0,,7.0,5.0
1094.0,Female,33.0,67874.0,55.0,Artist,0.0,2.0
1095.0,Female,34.0,176554.0,62.0,Healthcare,1.0,2.0
1096.0,Female,53.0,135341.0,56.0,Healthcare,10.0,2.0
1097.0,Female,47.0,129019.0,57.0,Healthcare,0.0,3.0
1098.0,Male,53.0,107879.0,3.0,Doctor,1.0,6.0
1099.0,Male,92.0,79531.0,4.0,Artist,1.0,1.0
1100.0,Male,89.0,63379.0,59.0,Artist,12.0,7.0
1101.0,Female,27.0,156258.0,54.0,Entertainment,0.0,4.0
1102.0,Male,70.0,67874.0,41.0,Entertainment,9.0,3.0
1103.0,Female,86.0,159964.0,57.0,Engineer,5.0,6.0
1104.0,Female,99.0,103706.0,50.0,Entertainment,1.0,2.0
1105.0,Female,96.0,64713.0,84.0,Entertainment,2.0,7.0
1106.0,Female,65.0,90414.0,55.0,Artist,1.0,5.0
1107.0,Female,82.0,171100.0,34.0,Executive,0.0,5.0
1108.0,Male,36.0,187305.0,85.0,Engineer,6.0,7.0
1109.0,Female,30.0,139758.0,46.0,Lawyer,0.0,6.0
1110.0,Female,96.0,91226.0,56.0,Healthcare,0.0,5.0
1111.0,Female,69.0,143928.0,30.0,Engineer,9.0,7.0
1112.0,Female,34.0,92366.0,14.0,Healthcare,0.0,6.0
1113.0,Male,74.0,175041.0,25.0,Artist,4.0,1.0
1114.0,Male,97.0,147301.0,93.0,Lawyer,1.0,5.0
1115.0,Male,56.0,119296.0,49.0,Engineer,0.0,7.0
1116.0,Female,30.0,126306.0,44.0,Artist,0.0,1.0
1117.0,Male,13.0,100647.0,49.0,Executive,1.0,3.0
1118.0,Female,95.0,168663.0,16.0,Engineer,11.0,5.0
1119.0,Female,2.0,105391.0,42.0,Executive,1.0,7.0
1120.0,Female,78.0,175179.0,43.0,Executive,9.0,4.0
1121.0,Female,54.0,165019.0,12.0,Entertainment,1.0,2.0
1122.0,Female,85.0,68212.0,26.0,Healthcare,7.0,4.0
1123.0,Male,13.0,64572.0,71.0,Artist,1.0,2.0
1124.0,Female,85.0,92591.0,99.0,Artist,8.0,2.0
1125.0,Female,41.0,69730.0,97.0,Artist,1.0,4.0
1126.0,Female,25.0,156793.0,57.0,Marketing,2.0,4.0
1127.0,Female,74.0,56848.0,41.0,Artist,5.0,1.0
1128.0,Male,8.0,148450.0,55.0,Healthcare,0.0,6.0
1129.0,Male,62.0,150619.0,32.0,Artist,10.0,6.0
1130.0,Male,52.0,100261.0,10.0,Artist,1.0,6.0
1131.0,Female,36.0,109895.0,56.0,Healthcare,5.0,2.0
1132.0,Male,11.0,152684.0,24.0,Lawyer,0.0,3.0
1133.0,Female,84.0,133765.0,83.0,Artist,1.0,3.0
1134.0,Female,99.0,57677.0,99.0,Lawyer,0.0,5.0
1135.0,Female,51.0,112358.0,27.0,Artist,0.0,6.0
1136.0,Female,57.0,73845.0,52.0,Artist,1.0,7.0
1137.0,Male,92.0,89531.0,42.0,Healthcare,6.0,2.0
1138.0,Male,29.0,118092.0,100.0,Entertainment,7.0,3.0
1139.0,Male,62.0,144242.0,49.0,Entertainment,1.0,4.0
1140.0,Female,43.0,140876.0,90.0,Entertainment,0.0,4.0
1141.0,Male,72.0,76888.0,26.0,Marketing,0.0,1.0
1142.0,Female,28.0,116644.0,88.0,Artist,6.0,3.0
1143.0,Female,57.0,143021.0,3.0,Executive,5.0,4.0
1144.0,Female,86.0,145679.0,91.0,Lawyer,9.0,6.0
1145.0,Female,26.0,64398.0,7.0,Lawyer,1.0,6.0
1146.0,Female,13.0,104512.0,40.0,Marketing,9.0,3.0
1147.0,Male,1.0,71564.0,68.0,Artist,1.0,5.0
1148.0,Female,89.0,122707.0,64.0,Homemaker,2.0,3.0
1149.0,Female,91.0,51733.0,96.0,Healthcare,0.0,5.0
1150.0,Female,67.0,138087.0,63.0,Marketing,1.0,7.0
1151.0,Male,63.0,147278.0,51.0,Lawyer,0.0,4.0
1152.0,Female,90.0,187339.0,62.0,Healthcare,0.0,6.0
1153.0,Female,87.0,129972.0,97.0,Executive,1.0,6.0
1154.0,Female,89.0,151176.0,55.0,Healthcare,1.0,2.0
1155.0,Female,34.0,74358.0,60.0,Artist,0.0,6.0
1156.0,Male,89.0,83953.0,82.0,Healthcare,0.0,3.0
1157.0,Male,31.0,62925.0,24.0,Engineer,1.0,6.0
1158.0,Male,55.0,65257.0,93.0,Doctor,2.0,3.0
1159.0,Female,3.0,188557.0,4.0,Healthcare,9.0,2.0
1160.0,Male,64.0,163783.0,84.0,Healthcare,,1.0
1161.0,Female,1.0,108342.0,97.0,Doctor,0.0,3.0
1162.0,Female,20.0,155951.0,21.0,Healthcare,7.0,4.0
1163.0,Female,18.0,183071.0,29.0,Artist,7.0,4.0
1164.0,Female,83.0,124104.0,20.0,Healthcare,4.0,6.0
1165.0,Female,21.0,136747.0,3.0,Healthcare,1.0,1.0
1166.0,Male,19.0,189498.0,18.0,Artist,4.0,1.0
1167.0,Female,74.0,76149.0,48.0,Artist,9.0,6.0
1168.0,Female,44.0,185550.0,54.0,Artist,0.0,1.0
1169.0,Female,52.0,119567.0,19.0,Artist,5.0,2.0
1170.0,Female,14.0,79806.0,30.0,Engineer,1.0,6.0
1171.0,Male,10.0,180774.0,66.0,Entertainment,1.0,5.0
1172.0,Female,80.0,90142.0,50.0,Lawyer,1.0,2.0
1173.0,Female,82.0,184481.0,84.0,Executive,0.0,2.0
1174.0,Female,32.0,66089.0,75.0,Artist,6.0,3.0
1175.0,Female,16.0,60044.0,83.0,Artist,4.0,1.0
1176.0,Male,61.0,52543.0,23.0,Executive,0.0,6.0
1177.0,Male,57.0,50429.0,23.0,Artist,0.0,1.0
1178.0,Male,95.0,178228.0,45.0,Engineer,1.0,2.0
1179.0,Female,38.0,161130.0,98.0,Artist,8.0,3.0
1180.0,Male,70.0,87976.0,38.0,Lawyer,1.0,6.0
1181.0,Female,40.0,179150.0,91.0,Artist,5.0,2.0
1182.0,Female,92.0,163442.0,32.0,Executive,1.0,6.0
1183.0,Female,73.0,108159.0,18.0,Entertainment,8.0,7.0
1184.0,Female,62.0,73419.0,14.0,Healthcare,0.0,1.0
1185.0,Female,12.0,138425.0,78.0,Doctor,11.0,6.0
1186.0,Male,65.0,54431.0,93.0,Healthcare,1.0,7.0
1187.0,Female,88.0,168437.0,81.0,Artist,2.0,2.0
1188.0,Female,55.0,71322.0,54.0,Entertainment,1.0,6.0
1189.0,Female,99.0,122548.0,14.0,,2.0,5.0
1190.0,Female,20.0,141428.0,32.0,Entertainment,1.0,5.0
1191.0,Male,97.0,142214.0,32.0,Artist,7.0,4.0
1192.0,Female,93.0,62590.0,43.0,Artist,9.0,6.0
1193.0,Male,84.0,172523.0,83.0,Artist,6.0,2.0
1194.0,Female,16.0,157588.0,76.0,Executive,2.0,6.0
1195.0,Female,10.0,143313.0,57.0,Doctor,4.0,7.0
1196.0,Female,59.0,119833.0,38.0,Doctor,1.0,2.0
1197.0,Female,54.0,70803.0,35.0,Entertainment,0.0,5.0
1198.0,Male,82.0,139008.0,47.0,Artist,1.0,4.0
1199.0,Male,83.0,126669.0,53.0,Artist,1.0,6.0
1200.0,Male,87.0,122722.0,10.0,Executive,9.0,4.0
1201.0,Male,1.0,79800.0,47.0,Artist,0.0,1.0
1202.0,Male,89.0,100155.0,5.0,Healthcare,6.0,1.0
1203.0,Female,32.0,110846.0,49.0,Artist,0.0,2.0
1204.0,Female,1.0,106841.0,69.0,Entertainment,0.0,3.0
1205.0,Female,54.0,117181.0,66.0,Doctor,12.0,5.0
1206.0,Female,56.0,86898.0,76.0,Healthcare,0.0,6.0
1207.0,Female,31.0,143241.0,81.0,Executive,4.0,7.0
1208.0,Female,26.0,146028.0,33.0,Healthcare,0.0,5.0
1209.0,Male,7.0,165287.0,65.0,Doctor,1.0,3.0
1210.0,Female,60.0,132486.0,9.0,Artist,1.0,2.0
1211.0,Male,92.0,96424.0,74.0,Artist,8.0,5.0
1212.0,Female,93.0,151468.0,41.0,Artist,1.0,5.0
1213.0,Female,8.0,76561.0,79.0,Healthcare,0.0,1.0
1214.0,Female,81.0,125316.0,81.0,Lawyer,0.0,6.0
1215.0,Male,21.0,109373.0,22.0,Entertainment,4.0,2.0
,Male,96.0,135042.0,12.0,Artist,0.0,7.0
1217.0,Female,78.0,59784.0,81.0,Artist,3.0,3.0
1218.0,Male,86.0,140687.0,63.0,Artist,1.0,2.0
1219.0,Male,1.0,182927.0,55.0,Healthcare,1.0,1.0
1220.0,Female,62.0,175534.0,44.0,Artist,1.0,6.0
1221.0,Male,68.0,170957.0,6.0,Lawyer,1.0,3.0
1222.0,Male,70.0,81197.0,76.0,Artist,0.0,4.0
1223.0,Female,21.0,104888.0,8.0,Healthcare,0.0,4.0
1224.0,Male,74.0,184838.0,18.0,,8.0,5.0
1225.0,Female,62.0,139588.0,66.0,Executive,0.0,2.0
1226.0,Male,22.0,126543.0,45.0,Homemaker,0.0,3.0
1227.0,Female,87.0,177260.0,45.0,Entertainment,14.0,2.0
1228.0,Male,44.0,156823.0,42.0,Healthcare,9.0,5.0
1229.0,Female,27.0,183201.0,52.0,Engineer,8.0,6.0
1230.0,Female,95.0,84925.0,46.0,Artist,4.0,6.0
1231.0,Male,89.0,69719.0,47.0,Artist,9.0,2.0
1232.0,Female,41.0,61355.0,13.0,Healthcare,1.0,3.0
1233.0,Male,41.0,156014.0,49.0,Doctor,14.0,5.0
1234.0,Male,21.0,184088.0,21.0,Entertainment,11.0,7.0
1235.0,Female,59.0,158372.0,98.0,Artist,1.0,1.0
1236.0,Female,64.0,135742.0,67.0,Healthcare,1.0,7.0
1237.0,Female,38.0,145704.0,82.0,Marketing,0.0,4.0
1238.0,Female,70.0,157307.0,23.0,Executive,4.0,3.0
1239.0,Female,25.0,88064.0,73.0,Executive,1.0,5.0
1240.0,Female,3.0,167226.0,59.0,Homemaker,3.0,1.0
1241.0,Female,70.0,153821.0,8.0,Marketing,1.0,4.0
1242.0,Male,29.0,170669.0,78.0,Doctor,9.0,5.0
1243.0,Male,88.0,93555.0,13.0,Artist,3.0,3.0
1244.0,Female,20.0,101941.0,18.0,Healthcare,1.0,3.0
1245.0,Female,58.0,78795.0,44.0,Engineer,0.0,6.0
1246.0,Female,70.0,55875.0,94.0,Engineer,0.0,5.0
1247.0,Female,44.0,177513.0,81.0,Lawyer,1.0,5.0
1248.0,Female,87.0,100850.0,83.0,Doctor,0.0,3.0
1249.0,Female,0.0,143082.0,63.0,Entertainment,0.0,7.0
1250.0,Female,96.0,85447.0,4.0,Artist,9.0,6.0
1251.0,Female,75.0,114213.0,33.0,Doctor,9.0,4.0
1252.0,Male,14.0,161120.0,69.0,Executive,0.0,1.0
1253.0,Female,8.0,186682.0,86.0,Entertainment,1.0,1.0
1254.0,Male,58.0,105302.0,75.0,Doctor,0.0,3.0
1255.0,Female,5.0,133400.0,47.0,Engineer,0.0,6.0
1256.0,Male,70.0,56432.0,23.0,Engineer,0.0,5.0
1257.0,Female,49.0,136467.0,72.0,Healthcare,3.0,3.0
1258.0,Male,60.0,189945.0,20.0,Engineer,0.0,5.0
1259.0,Female,25.0,163966.0,48.0,Lawyer,1.0,5.0
1260.0,Male,47.0,52152.0,17.0,Artist,0.0,3.0
1261.0,Male,53.0,145720.0,62.0,Homemaker,12.0,7.0
1262.0,Male,24.0,188034.0,61.0,Healthcare,1.0,5.0
1263.0,Female,46.0,127911.0,3.0,Homemaker,9.0,2.0
1264.0,Female,70.0,174114.0,31.0,Lawyer,1.0,1.0
1265.0,Male,53.0,144489.0,10.0,Artist,14.0,3.0
1266.0,Male,63.0,77440.0,47.0,Lawyer,0.0,5.0
1267.0,Female,24.0,86119.0,44.0,Artist,1.0,6.0
1268.0,Female,5.0,100056.0,49.0,Entertainment,1.0,3.0
1269.0,Male,7.0,66686.0,50.0,Artist,8.0,7.0
1270.0,Female,71.0,74696.0,41.0,Doctor,1.0,6.0
1271.0,Male,23.0,65641.0,50.0,Entertainment,4.0,
1272.0,Female,0.0,61228.0,81.0,Entertainment,1.0,6.0
1273.0,Female,2.0,138529.0,87.0,Healthcare,0.0,4.0
1274.0,Female,72.0,152405.0,4.0,Artist,1.0,4.0
1275.0,Male,18.0,157757.0,84.0,Doctor,0.0,4.0
1276.0,Male,11.0,166361.0,59.0,Engineer,6.0,4.0
1277.0,Female,95.0,67227.0,30.0,Artist,1.0,7.0
1278.0,Male,20.0,161156.0,88.0,Engineer,0.0,4.0
1279.0,Female,58.0,170647.0,70.0,Healthcare,1.0,7.0
1280.0,Female,67.0,161646.0,36.0,Healthcare,0.0,2.0
1281.0,Male,43.0,98016.0,18.0,Healthcare,9.0,6.0
1282.0,Male,36.0,50526.0,19.0,Artist,0.0,6.0
1283.0,Male,2.0,175208.0,43.0,Executive,8.0,4.0
1284.0,Female,35.0,97721.0,48.0,Engineer,0.0,7.0
1285.0,Female,81.0,142013.0,81.0,Entertainment,3.0,4.0
1286.0,Male,84.0,166737.0,76.0,Artist,0.0,3.0
1287.0,Female,18.0,62651.0,13.0,Entertainment,0.0,2.0
1288.0,Female,54.0,179546.0,4.0,Homemaker,8.0,4.0
1289.0,Female,98.0,51866.0,81.0,Artist,12.0,7.0
1290.0,Female,75.0,86297.0,42.0,Executive,9.0,4.0
1291.0,Female,98.0,65031.0,23.0,Artist,0.0,4.0
1292.0,Male,94.0,69383.0,25.0,Entertainment,0.0,2.0
1293.0,Male,24.0,70733.0,63.0,Artist,5.0,3.0
1294.0,Female,47.0,187898.0,89.0,Artist,6.0,2.0
1295.0,Female,40.0,116001.0,55.0,Engineer,1.0,4.0
1296.0,Male,68.0,87040.0,4.0,Artist,9.0,1.0
1297.0,Female,18.0,180956.0,74.0,Artist,2.0,2.0
1298.0,Female,83.0,115517.0,82.0,Healthcare,0.0,6.0
1299.0,Male,34.0,76979.0,46.0,Lawyer,1.0,3.0
1300.0,Male,81.0,50798.0,56.0,Artist,10.0,5.0
1301.0,Female,61.0,146350.0,43.0,Artist,1.0,3.0
1302.0,Female,77.0,81112.0,61.0,Healthcare,5.0,3.0
1303.0,Male,52.0,80605.0,20.0,Doctor,1.0,6.0
1304.0,Male,40.0,171949.0,11.0,Doctor,1.0,6.0
1305.0,Male,93.0,159006.0,26.0,Artist,8.0,6.0
1306.0,Female,45.0,177368.0,96.0,Healthcare,1.0,2.0
1307.0,Female,83.0,187643.0,3.0,Artist,1.0,1.0
1308.0,Male,23.0,93841.0,25.0,Lawyer,0.0,7.0
1309.0,Male,15.0,131061.0,92.0,Healthcare,0.0,7.0
1310.0,Male,79.0,146130.0,20.0,Entertainment,6.0,6.0
1311.0,Male,80.0,84471.0,79.0,Doctor,1.0,5.0
1312.0,Female,35.0,144485.0,15.0,Entertainment,0.0,4.0
1313.0,Female,39.0,158638.0,78.0,Healthcare,2.0,5.0
1314.0,Male,4.0,96693.0,28.0,Entertainment,0.0,4.0
1315.0,Female,83.0,129507.0,93.0,Healthcare,4.0,7.0
1316.0,Female,94.0,114510.0,39.0,Healthcare,0.0,4.0
1317.0,Female,33.0,109396.0,17.0,,1.0,2.0
1318.0,Female,12.0,149031.0,96.0,Artist,10.0,5.0
1319.0,Female,77.0,66256.0,13.0,Lawyer,1.0,2.0
1320.0,Female,48.0,118285.0,69.0,Doctor,8.0,4.0
1321.0,Male,97.0,128723.0,58.0,Artist,4.0,5.0
1322.0,Female,28.0,178285.0,91.0,Artist,4.0,7.0
1323.0,Female,99.0,144176.0,74.0,Marketing,7.0,2.0
1324.0,Male,27.0,82474.0,31.0,Artist,9.0,3.0
1325.0,Female,95.0,159010.0,84.0,Lawyer,6.0,2.0
1326.0,Female,6.0,76164.0,83.0,Artist,6.0,2.0
1327.0,Male,18.0,77873.0,49.0,Executive,6.0,5.0
1328.0,Male,42.0,53392.0,89.0,Artist,6.0,4.0
1329.0,Male,50.0,168898.0,41.0,Artist,9.0,7.0
1330.0,Male,86.0,128917.0,7.0,Homemaker,5.0,5.0
1331.0,Male,69.0,185067.0,49.0,Lawyer,5.0,4.0
1332.0,Male,23.0,132183.0,76.0,Artist,10.0,3.0
1333.0,Female,82.0,82060.0,46.0,Healthcare,7.0,1.0
1334.0,Female,97.0,133614.0,58.0,Artist,7.0,4.0
1335.0,Male,42.0,94844.0,64.0,,,6.0
1336.0,Female,75.0,76474.0,5.0,Doctor,5.0,5.0
1337.0,Female,14.0,94655.0,9.0,Healthcare,8.0,1.0
1338.0,Male,3.0,60933.0,30.0,Doctor,8.0,1.0
1339.0,Male,16.0,79257.0,82.0,Healthcare,6.0,2.0
1340.0,Female,45.0,125677.0,36.0,Entertainment,5.0,2.0
1341.0,Female,23.0,127971.0,56.0,Artist,1.0,5.0
1342.0,Male,38.0,76103.0,62.0,Executive,9.0,3.0
1343.0,Female,45.0,114741.0,96.0,Artist,0.0,5.0
1344.0,Female,82.0,157994.0,92.0,Artist,1.0,1.0
1345.0,Male,73.0,93786.0,44.0,Entertainment,3.0,1.0
1346.0,Male,36.0,75178.0,41.0,Entertainment,1.0,7.0
1347.0,Male,13.0,175267.0,81.0,Healthcare,1.0,4.0
1348.0,Female,96.0,99263.0,100.0,Healthcare,8.0,1.0
1349.0,Female,83.0,52590.0,3.0,Healthcare,0.0,4.0
1350.0,Male,33.0,170959.0,75.0,Artist,0.0,4.0
1351.0,Male,68.0,135076.0,60.0,Engineer,1.0,5.0
1352.0,Male,88.0,167112.0,34.0,Lawyer,0.0,1.0
1353.0,Female,87.0,184639.0,12.0,Doctor,1.0,6.0
1354.0,Female,88.0,172369.0,80.0,Artist,6.0,6.0
1355.0,Female,43.0,124256.0,67.0,Marketing,1.0,7.0
1356.0,Female,64.0,89972.0,92.0,Artist,10.0,6.0
1357.0,Male,96.0,67799.0,42.0,Entertainment,1.0,6.0
1358.0,Female,72.0,176074.0,70.0,Doctor,1.0,7.0
1359.0,Male,48.0,167517.0,27.0,Artist,2.0,7.0
1360.0,Female,64.0,77914.0,11.0,Artist,1.0,6.0
1361.0,Female,8.0,57605.0,81.0,Doctor,0.0,2.0
1362.0,Female,52.0,86365.0,70.0,Engineer,1.0,7.0
1363.0,Male,3.0,93883.0,39.0,Healthcare,1.0,2.0
1364.0,Female,44.0,131091.0,62.0,Artist,4.0,1.0
1365.0,Male,14.0,87222.0,14.0,Healthcare,8.0,4.0
1366.0,Female,50.0,117076.0,45.0,Doctor,1.0,2.0
1367.0,Male,999.0,150925.0,1.0,Healthcare,1.0,2.0
1368.0,Female,31.0,149379.0,100.0,Lawyer,0.0,3.0
1369.0,Female,31.0,138644.0,94.0,Engineer,4.0,3.0
1370.0,Male,97.0,148493.0,42.0,Doctor,4.0,7.0
1371.0,Male,27.0,84658.0,66.0,Lawyer,4.0,6.0
1372.0,Male,2.0,111618.0,99.0,Lawyer,6.0,5.0
1373.0,Male,81.0,108759.0,60.0,Artist,7.0,6.0
1374.0,Male,64.0,186203.0,73.0,Artist,10.0,5.0
1375.0,Female,11.0,147258.0,59.0,Lawyer,10.0,2.0
1376.0,Female,78.0,132983.0,67.0,Healthcare,7.0,7.0
1377.0,Male,72.0,149092.0,39.0,Engineer,8.0,1.0
1378.0,Male,36.0,163845.0,84.0,Doctor,5.0,7.0
1379.0,Male,97.0,117777.0,67.0,Artist,5.0,5.0
1380.0,Male,88.0,131584.0,18.0,Artist,7.0,3.0
1381.0,Female,21.0,123904.0,91.0,Artist,7.0,5.0
1382.0,Female,62.0,89801.0,88.0,Artist,5.0,4.0
1383.0,Male,73.0,173466.0,57.0,Entertainment,10.0,5.0
1384.0,Female,34.0,55690.0,4.0,Marketing,4.0,6.0
1385.0,Female,50.0,104467.0,72.0,,5.0,1.0
1386.0,Male,39.0,100419.0,19.0,Artist,5.0,4.0
1387.0,Female,82.0,62951.0,47.0,Lawyer,8.0,2.0
1388.0,Male,39.0,118554.0,1.0,Lawyer,4.0,6.0
1389.0,Female,13.0,140673.0,49.0,Artist,6.0,7.0
1390.0,Female,68.0,75561.0,87.0,Healthcare,5.0,3.0
1391.0,Female,77.0,147306.0,50.0,Healthcare,6.0,6.0
1392.0,Female,35.0,111871.0,30.0,Doctor,10.0,1.0
1393.0,Male,5.0,112884.0,43.0,Healthcare,0.0,6.0
1394.0,Female,47.0,121267.0,58.0,Engineer,1.0,1.0
1395.0,Female,48.0,151519.0,93.0,Artist,7.0,2.0
1396.0,Female,34.0,105448.0,40.0,Artist,0.0,5.0
1397.0,Female,20.0,92048.0,91.0,Healthcare,1.0,1.0
1398.0,Male,61.0,99980.0,94.0,Healthcare,10.0,1.0
1399.0,Male,16.0,84003.0,68.0,Artist,9.0,6.0
1400.0,Male,2.0,110889.0,95.0,Executive,1.0,2.0
1401.0,Female,52.0,82478.0,95.0,Executive,10.0,1.0
1402.0,Male,99.0,139685.0,20.0,Healthcare,1.0,4.0
1403.0,Female,84.0,182374.0,62.0,Entertainment,0.0,6.0
1404.0,Female,58.0,119366.0,94.0,Engineer,4.0,2.0
1405.0,Female,91.0,53788.0,57.0,Doctor,0.0,2.0
1406.0,Female,1.0,90341.0,92.0,Doctor,0.0,2.0
1407.0,Female,67.0,118348.0,94.0,Engineer,1.0,7.0
1408.0,Male,56.0,137428.0,87.0,Artist,0.0,2.0
1409.0,Female,62.0,106982.0,53.0,Entertainment,1.0,7.0
1410.0,Female,12.0,98532.0,52.0,Doctor,0.0,6.0
1411.0,Female,38.0,120825.0,24.0,Executive,9.0,7.0
1412.0,Female,51.0,58006.0,83.0,Executive,1.0,5.0
1413.0,Male,20.0,106941.0,73.0,Artist,1.0,1.0
1414.0,Male,43.0,129782.0,31.0,Entertainment,1.0,2.0
1415.0,Male,93.0,121513.0,90.0,Engineer,0.0,6.0
1416.0,Female,54.0,79925.0,30.0,Healthcare,0.0,3.0
1417.0,Male,23.0,112089.0,74.0,Healthcare,7.0,7.0
1418.0,Female,1.0,138656.0,27.0,,3.0,4.0
1419.0,Female,64.0,146794.0,90.0,Healthcare,8.0,3.0
1420.0,Female,55.0,75033.0,30.0,Engineer,5.0,5.0
1421.0,Female,85.0,149969.0,78.0,Executive,0.0,6.0
1422.0,Female,20.0,124852.0,,Healthcare,5.0,5.0
1423.0,Male,73.0,154837.0,42.0,Executive,8.0,4.0
1424.0,Female,53.0,145678.0,55.0,Executive,0.0,1.0
1425.0,Female,7.0,137354.0,89.0,Artist,8.0,7.0
1426.0,Female,50.0,136660.0,48.0,Entertainment,1.0,3.0
1427.0,Female,12.0,63334.0,99.0,Artist,0.0,6.0
1428.0,Male,37.0,62893.0,29.0,Executive,1.0,5.0
1429.0,Male,78.0,163514.0,89.0,Doctor,9.0,2.0
1430.0,Male,29.0,145934.0,40.0,Marketing,10.0,2.0
1431.0,Female,54.0,119223.0,58.0,Enginer,10.0,7.0
1432.0,Male,89.0,127479.0,18.0,Doctor,10.0,2.0
1433.0,Female,25.0,136146.0,98.0,Artist,6.0,6.0
1434.0,Female,14.0,76001.0,46.0,Artist,7.0,3.0
1435.0,Female,12.0,84885.0,24.0,Healthcare,6.0,2.0
1436.0,Female,18.0,82812.0,1.0,Artist,6.0,2.0
1437.0,Male,74.0,51260.0,43.0,Entertainment,5.0,5.0
1438.0,Male,21.0,159572.0,42.0,Healthcare,5.0,5.0
1439.0,Male,9.0,130186.0,88.0,Artist,9.0,7.0
1440.0,Female,49.0,176954.0,57.0,Artist,5.0,6.0
1441.0,Male,58.0,85908.0,99.0,Artist,5.0,4.0
1442.0,Female,16.0,75831.0,5.0,Healthcare,10.0,7.0
1443.0,Female,55.0,123045.0,56.0,Engineer,7.0,3.0
1444.0,Female,31.0,161211.0,10.0,Lawyer,9.0,1.0
1445.0,Female,59.0,81702.0,27.0,Marketing,6.0,4.0
1446.0,Female,25.0,173043.0,3.0,Artist,8.0,6.0
1447.0,Male,63.0,126380.0,90.0,Artist,6.0,1.0
1448.0,Female,60.0,128205.0,27.0,Healthcare,6.0,5.0
1449.0,Female,41.0,181355.0,73.0,Artist,10.0,3.0
1450.0,Female,84.0,97931.0,70.0,Healthcare,9.0,7.0
1451.0,Male,72.0,146432.0,25.0,Artist,6.0,1.0
1452.0,Female,97.0,125731.0,41.0,Artist,6.0,4.0
1453.0,Female,43.0,132701.0,70.0,Healthcare,5.0,2.0
1454.0,Female,63.0,116095.0,8.0,Artist,5.0,1.0
1455.0,Female,7.0,135773.0,42.0,Artist,9.0,5.0
1456.0,Male,54.0,136417.0,45.0,Healthcare,9.0,6.0
1457.0,Male,27.0,80783.0,82.0,Artist,9.0,3.0
1458.0,Male,28.0,182580.0,60.0,Executive,6.0,6.0
1459.0,Female,84.0,143567.0,48.0,Artist,7.0,2.0
1460.0,Male,71.0,85908.0,85.0,Entertainment,5.0,4.0
1461.0,Female,88.0,139806.0,99.0,Docter,4.0,4.0
1462.0,Female,75.0,77269.0,24.0,Artist,8.0,1.0
1463.0,Female,96.0,105968.0,65.0,Engineer,4.0,5.0
1464.0,Female,83.0,125660.0,19.0,Engineer,10.0,4.0
1465.0,Female,86.0,98444.0,76.0,Entertainment,7.0,4.0
1466.0,Male,60.0,179503.0,9.0,Artist,4.0,3.0
1467.0,Female,5.0,60575.0,14.0,Engineer,5.0,2.0
1468.0,Female,65.0,75685.0,19.0,Marketing,7.0,3.0
1469.0,Female,49.0,85374.0,45.0,Artist,8.0,5.0
1470.0,Female,78.0,128642.0,19.0,Marketing,5.0,6.0
1471.0,Male,25.0,182292.0,78.0,Artist,7.0,5.0
1472.0,Female,5.0,124702.0,94.0,Artist,10.0,3.0
1473.0,Female,58.0,127833.0,2.0,Artist,7.0,7.0
1474.0,Female,80.0,178866.0,97.0,Artist,8.0,4.0
1475.0,Female,94.0,183643.0,51.0,Artist,5.0,5.0
1476.0,Male,62.0,113306.0,4.0,Executive,5.0,6.0
1477.0,Male,20.0,84008.0,77.0,Artist,8.0,4.0
1478.0,Male,85.0,85758.0,35.0,Lawyer,10.0,4.0
1479.0,Female,72.0,63128.0,45.0,Engineer,8.0,7.0
1480.0,Male,95.0,70174.0,6.0,Executive,10.0,6.0
1481.0,Female,97.0,170133.0,42.0,Engineer,5.0,5.0
1482.0,Female,25.0,165978.0,42.0,Artist,7.0,3.0
1483.0,Female,17.0,149727.0,78.0,Artist,7.0,3.0
1484.0,Female,19.0,147052.0,86.0,,9.0,4.0
1485.0,Female,59.0,113389.0,79.0,Doctor,4.0,6.0
1486.0,Male,30.0,111690.0,73.0,Entertainment,10.0,4.0
1487.0,Female,63.0,184830.0,60.0,Doctor,9.0,3.0
1488.0,Female,23.0,91549.0,23.0,Artist,4.0,3.0
1489.0,Female,97.0,94629.0,17.0,Marketing,6.0,3.0
1490.0,Female,97.0,167558.0,99.0,Artist,4.0,7.0
1491.0,Male,94.0,119189.0,57.0,Artist,9.0,3.0
1492.0,Female,28.0,96207.0,67.0,Artist,5.0,5.0
1493.0,Male,21.0,85339.0,6.0,Doctor,4.0,7.0
1494.0,Female,25.0,111942.0,7.0,Artist,5.0,5.0
1495.0,Female,48.0,157003.0,45.0,Engineer,5.0,4.0
1496.0,Female,53.0,117123.0,23.0,Artist,9.0,7.0
1497.0,Female,97.0,172747.0,76.0,Artist,7.0,2.0
1498.0,Male,33.0,157358.0,52.0,Healthcare,7.0,4.0
1499.0,Male,5.0,156655.0,20.0,Entertainment,4.0,5.0
1500.0,Male,72.0,166043.0,93.0,Doctor,7.0,6.0
1501.0,Male,40.0,67768.0,15.0,Doctor,10.0,6.0
1502.0,Male,34.0,171353.0,34.0,Doctor,8.0,4.0
1503.0,Female,63.0,116971.0,76.0,Executive,7.0,5.0
1504.0,Female,85.0,97822.0,38.0,Doctor,5.0,3.0
1505.0,Female,86.0,117203.0,83.0,Healthcare,10.0,3.0
1506.0,Female,63.0,88720.0,100.0,Artist,10.0,1.0
1507.0,Female,9.0,173233.0,18.0,,5.0,1.0
1508.0,Female,76.0,139447.0,36.0,Artist,8.0,7.0
1509.0,Male,19.0,179269.0,93.0,Entertainment,6.0,3.0
1510.0,Female,84.0,136254.0,90.0,Engineer,5.0,6.0
1511.0,Male,38.0,174594.0,56.0,Executive,8.0,2.0
1512.0,Female,1.0,100429.0,19.0,Entertainment,9.0,1.0
1513.0,Female,30.0,73107.0,48.0,Artist,9.0,1.0
1514.0,Female,86.0,98344.0,25.0,Artist,6.0,6.0
1515.0,Male,21.0,163509.0,21.0,Healthcare,10.0,1.0
1516.0,Male,15.0,116204.0,16.0,Engineer,8.0,2.0
1517.0,Female,87.0,95853.0,53.0,Healthcare,9.0,1.0
1518.0,Male,40.0,156411.0,70.0,Artist,6.0,5.0
1519.0,Male,2.0,72889.0,36.0,Homemaker,5.0,7.0
1520.0,Female,63.0,106691.0,79.0,Healthcare,9.0,3.0
1521.0,Male,26.0,144832.0,42.0,Artist,5.0,3.0
1522.0,Male,29.0,132297.0,53.0,Entertainment,8.0,1.0
1523.0,Female,7.0,170345.0,3.0,Executive,9.0,5.0
1524.0,Male,28.0,157383.0,13.0,Lawyer,8.0,2.0
1525.0,Female,99.0,150782.0,18.0,Executive,8.0,2.0
1526.0,Male,69.0,143987.0,87.0,Healthcare,10.0,5.0
1527.0,Female,13.0,129659.0,59.0,Entertainment,6.0,7.0
1528.0,Male,73.0,104826.0,36.0,Healthcare,5.0,1.0
1529.0,Female,4.0,181471.0,59.0,Healthcare,10.0,4.0
1530.0,Female,42.0,152547.0,56.0,Artist,7.0,4.0
1531.0,Male,43.0,85347.0,9.0,Doctor,1.0,1.0
1532.0,Female,79.0,122828.0,32.0,Executive,0.0,5.0
1533.0,Male,18.0,107794.0,17.0,Engineer,0.0,5.0
1534.0,Male,39.0,152566.0,11.0,Entertainment,1.0,7.0
1535.0,Female,41.0,91715.0,99.0,Entertainment,0.0,3.0
1536.0,Female,60.0,99222.0,48.0,Artist,1.0,6.0
1537.0,Female,39.0,70280.0,99.0,Engineer,0.0,4.0
1538.0,Female,90.0,70030.0,86.0,Healthcare,1.0,2.0
1539.0,Female,83.0,102083.0,24.0,Artist,1.0,1.0
1540.0,Female,92.0,166163.0,87.0,Engineer,8.0,5.0
1541.0,Female,6.0,182871.0,27.0,Engineer,8.0,6.0
1542.0,Male,50.0,187545.0,61.0,Executive,4.0,6.0
1543.0,Male,90.0,182910.0,86.0,Entertainment,0.0,1.0
1544.0,Female,13.0,174530.0,30.0,Lawyer,1.0,6.0
1545.0,Female,27.0,115438.0,37.0,Artist,0.0,6.0
1546.0,Female,93.0,93964.0,80.0,Artist,4.0,2.0
1547.0,Female,61.0,180341.0,75.0,Healthcare,1.0,3.0
1548.0,Female,91.0,107323.0,1.0,Engineer,7.0,7.0
1549.0,Female,79.0,119435.0,55.0,Entertainment,0.0,7.0
1550.0,Female,80.0,68341.0,22.0,Artist,13.0,6.0
1551.0,Female,16.0,95365.0,60.0,Artist,0.0,5.0
1552.0,Male,4.0,131093.0,79.0,Lawyer,1.0,7.0
1553.0,Female,34.0,100621.0,3.0,Healthcare,1.0,1.0
1554.0,Male,10.0,116521.0,47.0,Doctor,0.0,2.0
1555.0,Female,3.0,136316.0,88.0,Executive,0.0,3.0
1556.0,Male,96.0,172039.0,51.0,Lawyer,0.0,6.0
1557.0,Female,48.0,70844.0,22.0,Entertainment,0.0,3.0
1558.0,Male,25.0,100964.0,96.0,Marketing,1.0,6.0
1559.0,Female,98.0,128037.0,39.0,Entertainment,6.0,2.0
1560.0,Male,84.0,97081.0,75.0,Marketing,1.0,3.0
1561.0,Male,88.0,92247.0,47.0,Marketing,0.0,6.0
1562.0,Male,86.0,129914.0,92.0,Artist,1.0,3.0
1563.0,Female,0.0,94014.0,53.0,Engineer,9.0,5.0
1564.0,Female,56.0,138864.0,93.0,Artist,0.0,5.0
1565.0,Male,6.0,169299.0,46.0,Marketing,1.0,5.0
1566.0,Male,2.0,119097.0,40.0,Healthcare,0.0,7.0
1567.0,Female,73.0,68161.0,23.0,Doctor,1.0,2.0
1568.0,Female,38.0,181108.0,32.0,Homemaker,1.0,1.0
1569.0,Male,37.0,87764.0,59.0,Engineer,9.0,7.0
1570.0,Female,41.0,102543.0,54.0,Artist,7.0,3.0
1571.0,Male,94.0,139417.0,13.0,Artist,1.0,3.0
1572.0,Female,57.0,81802.0,29.0,Homemaker,9.0,1.0
1573.0,Female,96.0,102788.0,51.0,Artist,0.0,1.0
1574.0,Female,59.0,163179.0,19.0,Healthcare,1.0,7.0
1575.0,Male,87.0,71318.0,22.0,Healthcare,1.0,3.0
1576.0,Male,55.0,63683.0,34.0,Healthcare,3.0,1.0
1577.0,Female,16.0,189689.0,37.0,Healthcare,8.0,5.0
1578.0,Male,82.0,121610.0,36.0,Artist,0.0,5.0
1579.0,Female,83.0,150682.0,25.0,Artist,1.0,1.0
1580.0,Female,96.0,124550.0,46.0,Marketing,0.0,3.0
1581.0,Male,55.0,148875.0,99.0,Artist,0.0,4.0
1582.0,Male,6.0,107117.0,44.0,Artist,1.0,3.0
1583.0,Male,33.0,109223.0,43.0,Engineer,1.0,5.0
1584.0,Female,0.0,120899.0,7.0,Marketing,2.0,6.0
1585.0,Female,27.0,101948.0,31.0,Artist,0.0,5.0
1586.0,Male,72.0,143169.0,58.0,Engineer,0.0,4.0
1587.0,Female,13.0,167619.0,4.0,Healthcare,7.0,6.0
1588.0,Female,19.0,181795.0,59.0,Healthcare,3.0,5.0
1589.0,Female,48.0,186445.0,41.0,Engineer,0.0,1.0
1590.0,Female,58.0,102205.0,24.0,Artist,1.0,1.0
1591.0,Female,21.0,52326.0,69.0,Healthcare,0.0,2.0
1592.0,Male,91.0,82992.0,5.0,Entertainment,1.0,5.0
1593.0,Male,44.0,145520.0,55.0,Homemaker,1.0,7.0
1594.0,Female,80.0,104820.0,96.0,Artist,2.0,4.0
1595.0,Female,28.0,69025.0,79.0,Entertainment,0.0,2.0
1596.0,Male,74.0,164976.0,89.0,Entertainment,0.0,4.0
1597.0,Female,79.0,178576.0,51.0,Executive,5.0,5.0
1598.0,Female,42.0,72415.0,52.0,Marketing,0.0,5.0
1599.0,Male,80.0,112146.0,24.0,Entertainment,0.0,3.0
1600.0,Male,8.0,144830.0,43.0,Artist,0.0,1.0
1601.0,Female,24.0,51661.0,79.0,Entertainment,0.0,7.0
1602.0,Female,71.0,152910.0,90.0,Artist,1.0,6.0
1603.0,Male,1.0,114556.0,64.0,Entertainment,0.0,7.0
1604.0,Male,0.0,143455.0,62.0,Healthcare,1.0,6.0
1605.0,Male,30.0,173096.0,92.0,Healthcare,0.0,3.0
1606.0,Female,52.0,121172.0,97.0,Healthcare,5.0,4.0
1607.0,Female,34.0,56492.0,15.0,Homemaker,8.0,1.0
1608.0,Male,64.0,156422.0,39.0,Entertainment,1.0,7.0
1609.0,Male,17.0,131863.0,94.0,Artist,1.0,7.0
1610.0,Male,71.0,118096.0,36.0,Lawyer,0.0,3.0
1611.0,Male,87.0,149685.0,30.0,Executive,9.0,6.0
1612.0,Female,68.0,89765.0,28.0,Artist,0.0,7.0
1613.0,Female,14.0,177701.0,49.0,Entertainment,0.0,6.0
1614.0,Male,24.0,64738.0,67.0,Artist,0.0,6.0
1615.0,Female,10.0,92734.0,28.0,Lawyer,1.0,4.0
1616.0,Female,53.0,146877.0,47.0,Healthcare,4.0,3.0
1617.0,Female,39.0,62935.0,60.0,Artist,0.0,7.0
1618.0,Female,16.0,67178.0,17.0,Entertainment,8.0,3.0
1619.0,Female,64.0,115754.0,35.0,Engineer,1.0,3.0
1620.0,Female,41.0,186470.0,21.0,Artist,0.0,7.0
1621.0,Male,16.0,100939.0,34.0,Healthcare,7.0,6.0
1622.0,Female,94.0,86172.0,55.0,Artist,4.0,4.0
1623.0,Female,40.0,184222.0,17.0,Healthcare,0.0,2.0
1624.0,Male,81.0,71543.0,1.0,Entertainment,1.0,4.0
1625.0,Female,18.0,174836.0,63.0,Healthcare,0.0,4.0
1626.0,Female,78.0,130706.0,72.0,,3.0,6.0
1627.0,Male,8.0,74407.0,100.0,Doctor,0.0,6.0
1628.0,Male,64.0,130055.0,46.0,Healthcare,2.0,1.0
1629.0,Male,45.0,88707.0,81.0,Healthcare,0.0,5.0
1630.0,Male,99.0,162762.0,52.0,Healthcare,1.0,1.0
1631.0,Male,59.0,154821.0,77.0,Doctor,0.0,2.0
1632.0,Male,53.0,57248.0,66.0,Lawyer,5.0,5.0
1633.0,Female,66.0,99902.0,54.0,Engineer,10.0,2.0
1634.0,Female,1.0,165711.0,50.0,Artist,1.0,2.0
1635.0,Male,73.0,97455.0,55.0,,6.0,4.0
1636.0,Female,34.0,93866.0,43.0,Entertainment,9.0,2.0
1637.0,Female,1.0,141307.0,17.0,Healthcare,1.0,3.0
1638.0,Male,73.0,172011.0,9.0,Doctor,1.0,5.0
1639.0,Male,90.0,68138.0,18.0,Healthcare,2.0,7.0
1640.0,Female,32.0,123246.0,100.0,Homemaker,8.0,6.0
1641.0,Female,47.0,124194.0,32.0,Doctor,1.0,7.0
1642.0,Male,15.0,188696.0,87.0,Homemaker,8.0,3.0
1643.0,Female,78.0,91213.0,84.0,Lawyer,3.0,5.0
1644.0,Female,83.0,166650.0,99.0,Healthcare,1.0,3.0
1645.0,Male,2.0,52727.0,60.0,Artist,1.0,3.0
1646.0,Male,75.0,126469.0,86.0,Entertainment,1.0,2.0
1647.0,Male,45.0,138775.0,17.0,Executive,0.0,7.0
1648.0,Female,49.0,68901.0,70.0,Doctor,7.0,7.0
1649.0,Female,41.0,118621.0,7.0,Homemaker,0.0,7.0
1650.0,Male,34.0,109263.0,77.0,Entertainment,0.0,1.0
1651.0,Male,82.0,150012.0,83.0,Healthcare,3.0,6.0
1652.0,Male,37.0,133850.0,85.0,Marketing,9.0,3.0
1653.0,Female,25.0,81640.0,95.0,Entertainment,1.0,6.0
1654.0,Female,52.0,133214.0,1.0,Marketing,9.0,7.0
1655.0,Female,23.0,186723.0,42.0,Entertainment,8.0,5.0
1656.0,Female,96.0,92100.0,23.0,Artist,9.0,3.0
1657.0,Male,5.0,64484.0,10.0,Homemaker,0.0,5.0
1658.0,Female,47.0,69024.0,3.0,Healthcare,4.0,5.0
1659.0,Male,81.0,171194.0,55.0,Artist,0.0,5.0
1660.0,Female,4.0,183282.0,34.0,Artist,1.0,1.0
1661.0,Female,8.0,100099.0,74.0,Healthcare,1.0,3.0
1662.0,,35.0,164435.0,26.0,Lawyer,1.0,3.0
1663.0,Male,67.0,172407.0,60.0,Doctor,9.0,3.0
1664.0,Female,9.0,84781.0,14.0,Executive,1.0,3.0
1665.0,Male,82.0,186130.0,61.0,Lawyer,3.0,7.0
1666.0,Female,2.0,56782.0,10.0,Artist,9.0,5.0
1667.0,Male,95.0,137206.0,4.0,Artist,0.0,4.0
1668.0,Female,9.0,146950.0,92.0,Doctor,6.0,5.0
1669.0,Female,99.0,174275.0,4.0,Healthcare,0.0,2.0
1670.0,Male,96.0,97705.0,41.0,Homemaker,8.0,2.0
1671.0,Male,92.0,188984.0,69.0,Lawyer,1.0,4.0
1672.0,Male,24.0,119238.0,55.0,Artist,1.0,3.0
1673.0,Male,58.0,87923.0,19.0,Entertainment,0.0,5.0
1674.0,Male,15.0,128573.0,97.0,Executive,1.0,1.0
1675.0,Female,13.0,132374.0,96.0,Marketing,0.0,3.0
1676.0,Female,51.0,135164.0,75.0,Artist,9.0,3.0
1677.0,Male,9.0,165194.0,10.0,Artist,8.0,3.0
1678.0,Male,0.0,126060.0,92.0,Doctor,1.0,3.0
1679.0,Male,67.0,89366.0,55.0,Healthcare,9.0,3.0
1680.0,Male,58.0,95172.0,77.0,Healthcare,1.0,5.0
1681.0,Female,55.0,95975.0,49.0,Executive,0.0,1.0
1682.0,Female,52.0,165573.0,59.0,Healthcare,0.0,7.0
1683.0,Male,83.0,180887.0,59.0,Entertainment,1.0,1.0
1684.0,Female,83.0,142720.0,86.0,Executive,0.0,1.0
1685.0,Female,90.0,113460.0,54.0,Lawyer,1.0,7.0
1686.0,Male,87.0,110434.0,20.0,Artist,7.0,3.0
1687.0,Female,67.0,146016.0,38.0,Artist,1.0,6.0
1688.0,Male,81.0,101073.0,67.0,Executive,0.0,7.0
1689.0,Female,36.0,62617.0,10.0,Artist,9.0,3.0
1690.0,Female,51.0,96028.0,37.0,Artist,0.0,5.0
1691.0,Female,31.0,186334.0,37.0,Artist,0.0,1.0
1692.0,Female,57.0,163473.0,52.0,Artist,0.0,1.0
1693.0,Male,83.0,89819.0,59.0,Artist,4.0,2.0
1694.0,Female,51.0,69388.0,33.0,Engineer,3.0,4.0
1695.0,Female,15.0,134748.0,76.0,Marketing,1.0,6.0
1696.0,Female,18.0,149915.0,94.0,Doctor,14.0,1.0
1697.0,Female,88.0,104098.0,48.0,Healthcare,1.0,6.0
1698.0,Male,70.0,80160.0,10.0,Artist,8.0,5.0
1699.0,Male,9.0,124125.0,91.0,Artist,1.0,2.0
1700.0,Male,6.0,170226.0,31.0,Lawyer,0.0,3.0
1701.0,Female,8.0,53306.0,98.0,Engineer,0.0,2.0
1702.0,Male,55.0,103933.0,31.0,Executive,6.0,3.0
1703.0,Female,69.0,85401.0,10.0,Entertainment,4.0,6.0
1704.0,Female,18.0,53812.0,32.0,Homemaker,9.0,5.0
1705.0,Female,13.0,60771.0,50.0,Entertainment,1.0,7.0
1706.0,Female,69.0,56398.0,75.0,Entertainment,8.0,3.0
1707.0,Female,69.0,171118.0,91.0,Engineer,9.0,3.0
1708.0,Male,69.0,79806.0,73.0,Healthcare,0.0,5.0
1709.0,Female,89.0,150187.0,35.0,Healthcare,0.0,5.0
1710.0,Female,45.0,129455.0,14.0,Lawyer,0.0,3.0
1711.0,Female,75.0,116813.0,72.0,Entertainment,10.0,6.0
1712.0,Female,54.0,95734.0,39.0,Homemaker,8.0,7.0
1713.0,Male,33.0,76654.0,48.0,Artist,4.0,1.0
1714.0,Male,67.0,86289.0,96.0,Artist,1.0,5.0
1715.0,Male,26.0,176147.0,19.0,Healthcare,0.0,1.0
1716.0,Female,5.0,142351.0,97.0,Entertainment,0.0,7.0
1717.0,Male,65.0,186673.0,51.0,Doctor,1.0,1.0
1718.0,Female,94.0,131521.0,62.0,Artist,0.0,6.0
1719.0,Female,95.0,50223.0,15.0,Entertainment,8.0,1.0
1720.0,Female,48.0,74308.0,23.0,Entertainment,1.0,2.0
1721.0,Female,41.0,155881.0,22.0,Lawyer,0.0,7.0
1722.0,Female,92.0,168303.0,16.0,Executive,9.0,4.0
1723.0,Male,44.0,182748.0,58.0,Engineer,1.0,7.0
1724.0,Female,35.0,52374.0,73.0,Artist,1.0,1.0
1725.0,Female,34.0,86154.0,17.0,Doctor,1.0,2.0
1726.0,Female,52.0,163612.0,51.0,Executive,0.0,5.0
1727.0,Female,64.0,64756.0,17.0,Marketing,10.0,1.0
1728.0,Male,62.0,185257.0,58.0,Artist,1.0,4.0
1729.0,Male,58.0,78669.0,75.0,Artist,1.0,7.0
1730.0,Male,15.0,164520.0,47.0,Artist,1.0,7.0
1731.0,Female,65.0,92135.0,49.0,Homemaker,6.0,4.0
1732.0,Male,20.0,103195.0,68.0,Doctor,0.0,7.0
1733.0,Female,21.0,161663.0,36.0,Executive,1.0,7.0
1734.0,Female,79.0,57039.0,34.0,Artist,2.0,6.0
1735.0,Female,91.0,54754.0,4.0,Artist,0.0,2.0
1736.0,Female,92.0,136531.0,76.0,Engineer,1.0,4.0
1737.0,Male,62.0,120838.0,79.0,Artist,1.0,4.0
1738.0,Male,94.0,127927.0,48.0,Doctor,0.0,4.0
1739.0,Male,10.0,164214.0,77.0,Lawyer,0.0,4.0
1740.0,Female,53.0,145498.0,66.0,Artist,8.0,4.0
1741.0,Male,7.0,129215.0,69.0,Entertainment,9.0,6.0
1742.0,Female,92.0,152429.0,76.0,Entertainment,0.0,2.0
1743.0,Female,12.0,89252.0,31.0,Entertainment,0.0,5.0
1744.0,Female,31.0,147447.0,23.0,Doctor,6.0,7.0
1745.0,Female,93.0,74467.0,33.0,Lawyer,5.0,1.0
1746.0,Female,66.0,127410.0,37.0,Engineer,8.0,2.0
1747.0,Male,49.0,91290.0,44.0,Healthcare,7.0,7.0
1748.0,Female,64.0,92812.0,97.0,Artist,5.0,7.0
1749.0,Female,27.0,170166.0,18.0,Artist,10.0,4.0
1750.0,Female,33.0,150823.0,75.0,Artist,4.0,1.0
1751.0,Male,79.0,95839.0,30.0,Executive,7.0,2.0
1752.0,Female,14.0,60175.0,60.0,Executive,9.0,7.0
1753.0,Female,22.0,153024.0,91.0,Artist,10.0,7.0
1754.0,Female,8.0,116858.0,67.0,Artist,5.0,7.0
1755.0,Female,6.0,122961.0,47.0,Doctor,8.0,2.0
1756.0,Male,81.0,141471.0,45.0,Artist,8.0,6.0
1757.0,Male,69.0,76155.0,14.0,Healthcare,8.0,7.0
1758.0,Male,0.0,108169.0,24.0,Executive,10.0,3.0
1759.0,Female,61.0,139520.0,39.0,Artist,8.0,4.0
1760.0,Male,62.0,182631.0,52.0,Artist,5.0,3.0
1761.0,Female,95.0,177134.0,78.0,Healthcare,10.0,2.0
1762.0,Female,32.0,181703.0,54.0,Lawyer,6.0,2.0
1763.0,Female,13.0,61917.0,16.0,Artist,7.0,2.0
1764.0,Female,1.0,140648.0,36.0,Executive,9.0,7.0
1765.0,Female,63.0,176783.0,40.0,Doctor,9.0,4.0
1766.0,Male,75.0,59741.0,67.0,Artist,10.0,5.0
1767.0,Female,43.0,156567.0,89.0,Engineer,7.0,6.0
1768.0,Female,29.0,110309.0,21.0,Artist,6.0,2.0
1769.0,Female,82.0,111077.0,55.0,Artist,9.0,7.0
1770.0,Female,87.0,170333.0,96.0,Entertainment,4.0,2.0
1771.0,Male,66.0,183339.0,39.0,Artist,7.0,4.0
1772.0,Female,99.0,84167.0,46.0,Artist,10.0,7.0
1773.0,Female,54.0,184815.0,50.0,Lawyer,6.0,3.0
1774.0,Female,49.0,122556.0,74.0,Artist,9.0,7.0
1775.0,Female,60.0,174768.0,66.0,Entertainment,9.0,2.0
1776.0,Male,75.0,172309.0,82.0,Executive,4.0,1.0
1777.0,Male,77.0,117920.0,4.0,Doctor,10.0,4.0
1778.0,Male,34.0,134882.0,61.0,Artist,10.0,3.0
1779.0,Female,63.0,77259.0,11.0,Lawyer,6.0,6.0
1780.0,Male,38.0,170019.0,38.0,Artist,7.0,2.0
1781.0,Female,68.0,176884.0,94.0,Engineer,10.0,2.0
1782.0,Female,80.0,106709.0,93.0,Marketing,10.0,2.0
1783.0,Female,8.0,168723.0,31.0,Homemaker,7.0,2.0
1784.0,Female,86.0,90228.0,68.0,Engineer,7.0,5.0
1785.0,Female,1.0,89473.0,85.0,Lawyer,10.0,4.0
1786.0,Male,56.0,131911.0,42.0,Healthcare,7.0,7.0
1787.0,Female,14.0,140107.0,63.0,Marketing,6.0,6.0
1788.0,Female,4.0,170403.0,44.0,Artist,4.0,5.0
1789.0,Female,58.0,51416.0,46.0,,7.0,5.0
1790.0,Female,6.0,52648.0,2.0,Artist,5.0,2.0
1791.0,Male,17.0,125471.0,48.0,Engineer,7.0,1.0
1792.0,Female,55.0,106153.0,62.0,Artist,10.0,1.0
1793.0,Male,14.0,124785.0,28.0,Lawyer,7.0,2.0
1794.0,Female,22.0,101474.0,14.0,Homemaker,10.0,2.0
1795.0,Female,8.0,141359.0,65.0,Healthcare,4.0,5.0
1796.0,Female,70.0,57596.0,96.0,Artist,4.0,1.0
1797.0,Female,67.0,78489.0,81.0,Artist,7.0,5.0
1798.0,Male,50.0,112957.0,71.0,Executive,5.0,3.0
1799.0,Male,72.0,82377.0,37.0,Engineer,9.0,2.0
1800.0,Male,76.0,82315.0,53.0,Engineer,6.0,1.0
1801.0,Male,80.0,93253.0,51.0,Artist,4.0,5.0
1802.0,Male,20.0,189650.0,60.0,Lawyer,8.0,4.0
1803.0,Female,89.0,114858.0,53.0,Artist,10.0,1.0
1804.0,Female,18.0,62151.0,18.0,Artist,8.0,2.0
1805.0,Female,75.0,135159.0,12.0,Engineer,7.0,6.0
1806.0,Female,5.0,126263.0,55.0,Marketing,6.0,3.0
1807.0,Female,79.0,123064.0,41.0,Artist,10.0,4.0
1808.0,Female,31.0,181773.0,40.0,Healthcare,8.0,1.0
1809.0,Male,92.0,171794.0,65.0,Artist,6.0,5.0
1810.0,Female,15.0,156339.0,27.0,Homemaker,6.0,2.0
1811.0,Male,94.0,65483.0,84.0,Marketing,10.0,7.0
1812.0,Female,35.0,145654.0,22.0,Executive,6.0,3.0
1813.0,Female,68.0,91609.0,43.0,Entertainment,8.0,1.0
1814.0,Female,29.0,53002.0,73.0,Lawyer,5.0,5.0
1815.0,Male,87.0,115699.0,61.0,Healthcare,9.0,1.0
1816.0,Male,33.0,149609.0,44.0,Executive,9.0,2.0
1817.0,Female,29.0,165254.0,7.0,Executive,9.0,7.0
1818.0,Male,43.0,50418.0,49.0,Healthcare,5.0,1.0
1819.0,Male,43.0,103531.0,90.0,Artist,10.0,5.0
1820.0,Female,66.0,184060.0,98.0,Artist,10.0,5.0
1821.0,Male,23.0,75961.0,70.0,Executive,5.0,7.0
1822.0,Male,87.0,174163.0,28.0,Artist,4.0,2.0
1823.0,Female,81.0,105255.0,54.0,Executive,8.0,3.0
1824.0,Male,42.0,51860.0,4.0,Lawyer,4.0,5.0
1825.0,Female,32.0,185218.0,83.0,Healthcare,4.0,6.0
1826.0,Male,7.0,189709.0,18.0,Artist,6.0,6.0
1827.0,Female,91.0,134665.0,66.0,Artist,7.0,2.0
1828.0,Male,95.0,91352.0,9.0,Doctor,7.0,3.0
1829.0,Female,10.0,154623.0,21.0,Artist,6.0,6.0
1830.0,Female,20.0,113767.0,88.0,Artist,6.0,2.0
1831.0,Male,5.0,160469.0,61.0,Lawyer,8.0,1.0
1832.0,Female,84.0,99418.0,27.0,Artist,4.0,2.0
1833.0,Male,54.0,56215.0,34.0,Healthcare,10.0,4.0
1834.0,Male,12.0,55639.0,63.0,Healthcare,8.0,1.0
1835.0,Female,90.0,62504.0,99.0,Artist,10.0,4.0
1836.0,Female,19.0,151382.0,38.0,Lawyer,1.0,1.0
1837.0,Female,91.0,156574.0,96.0,Marketing,0.0,7.0
1838.0,Female,90.0,60998.0,35.0,Entertainment,1.0,7.0
1839.0,Female,60.0,108509.0,36.0,Doctor,0.0,2.0
1840.0,Female,68.0,85540.0,49.0,Homemaker,9.0,1.0
1841.0,Female,43.0,73915.0,47.0,Artist,11.0,2.0
1842.0,Male,52.0,148901.0,77.0,Healthcare,4.0,4.0
1843.0,Male,81.0,152602.0,91.0,Entertainment,0.0,1.0
1844.0,Female,54.0,58999.0,22.0,Entertainment,7.0,3.0
1845.0,Female,43.0,133740.0,37.0,Artist,5.0,4.0
1846.0,Female,20.0,113217.0,41.0,Lawyer,9.0,1.0
1847.0,Female,71.0,60209.0,46.0,Artist,1.0,3.0
1848.0,Female,26.0,145491.0,72.0,Entertainment,9.0,5.0
1849.0,Female,75.0,61393.0,65.0,Doctor,7.0,5.0
1850.0,Female,52.0,133252.0,55.0,Artist,1.0,1.0
1851.0,Female,40.0,187234.0,14.0,Doctor,0.0,5.0
1852.0,Male,5.0,145563.0,60.0,Entertainment,9.0,6.0
1853.0,Female,46.0,165810.0,38.0,Healthcare,3.0,5.0
1854.0,Male,98.0,125181.0,30.0,Artist,0.0,7.0
1855.0,Female,84.0,56809.0,96.0,Healthcare,1.0,2.0
1856.0,Male,35.0,69419.0,68.0,Healthcare,9.0,1.0
1857.0,Female,78.0,70689.0,54.0,Artist,1.0,4.0
1858.0,Male,64.0,55011.0,53.0,Artist,1.0,7.0
1859.0,Female,98.0,87955.0,79.0,Engineer,0.0,2.0
1860.0,Male,66.0,153660.0,24.0,Healthcare,0.0,5.0
1861.0,Male,32.0,104494.0,28.0,Healthcare,6.0,4.0
1862.0,Male,22.0,184443.0,44.0,Executive,3.0,7.0
1863.0,Female,17.0,150778.0,35.0,Entertainment,1.0,7.0
1864.0,Female,22.0,88729.0,81.0,Engineer,1.0,1.0
1865.0,Male,9.0,151902.0,18.0,Artist,0.0,2.0
1866.0,Male,24.0,51604.0,4.0,Artist,0.0,2.0
1867.0,Female,8.0,157316.0,75.0,Artist,9.0,3.0
1868.0,Female,52.0,125508.0,15.0,Artist,1.0,6.0
1869.0,Male,62.0,186157.0,54.0,Healthcare,1.0,1.0
1870.0,Female,37.0,169381.0,45.0,Entertainment,0.0,4.0
1871.0,Male,68.0,110195.0,47.0,Homemaker,9.0,2.0
1872.0,Female,63.0,81199.0,80.0,Entertainment,1.0,2.0
1873.0,Female,15.0,58459.0,67.0,Executive,0.0,6.0
1874.0,Female,44.0,173682.0,89.0,Artist,12.0,6.0
1875.0,Male,18.0,162983.0,16.0,Entertainment,0.0,6.0
1876.0,Male,30.0,94480.0,1.0,Executive,0.0,4.0
1877.0,Female,69.0,168710.0,80.0,Doctor,1.0,4.0
1878.0,Male,16.0,150193.0,83.0,Engineer,2.0,2.0
1879.0,Female,71.0,91823.0,74.0,Artist,1.0,4.0
1880.0,Female,24.0,173091.0,24.0,Entertainment,6.0,2.0
1881.0,Male,57.0,102692.0,94.0,Healthcare,0.0,2.0
1882.0,Male,97.0,156812.0,77.0,Healthcare,0.0,6.0
1883.0,Male,68.0,51468.0,48.0,Artist,0.0,3.0
1884.0,Female,11.0,114071.0,37.0,Healthcare,0.0,2.0
1885.0,Female,63.0,155638.0,81.0,,1.0,4.0
1886.0,Male,68.0,129971.0,61.0,Artist,8.0,3.0
1887.0,Female,69.0,104160.0,77.0,Engineer,4.0,4.0
1888.0,Female,77.0,124995.0,66.0,Healthcare,0.0,1.0
1889.0,Female,73.0,180437.0,50.0,Entertainment,1.0,5.0
1890.0,Female,19.0,134644.0,96.0,Executive,1.0,2.0
1891.0,Female,1.0,130089.0,67.0,Artist,0.0,5.0
1892.0,Male,71.0,149318.0,27.0,Artist,4.0,1.0
1893.0,Male,6.0,125591.0,79.0,Healthcare,8.0,6.0
1894.0,Female,68.0,173047.0,17.0,Healthcare,0.0,3.0
1895.0,Female,39.0,61298.0,91.0,Artist,0.0,5.0
1896.0,Male,75.0,132993.0,55.0,Entertainment,8.0,2.0
1897.0,Female,65.0,72313.0,36.0,Lawyer,1.0,5.0
1898.0,Female,30.0,84885.0,9.0,Entertainment,6.0,5.0
1899.0,Male,46.0,126228.0,95.0,Marketing,8.0,2.0
1900.0,Male,40.0,51199.0,29.0,Executive,7.0,7.0
1901.0,Female,40.0,54631.0,70.0,Artist,0.0,6.0
1902.0,Female,20.0,131810.0,16.0,Healthcare,5.0,7.0
1903.0,Male,88.0,138482.0,59.0,Marketing,8.0,4.0
1904.0,Male,85.0,74081.0,87.0,Healthcare,4.0,3.0
1905.0,Male,94.0,112426.0,54.0,Engineer,9.0,6.0
1906.0,Female,52.0,164038.0,53.0,,5.0,4.0
1907.0,Female,68.0,53552.0,97.0,Marketing,7.0,6.0
1908.0,Male,15.0,142147.0,78.0,Artist,8.0,4.0
1909.0,Male,4.0,180324.0,41.0,Artist,9.0,2.0
1910.0,,59.0,149067.0,78.0,Doctor,9.0,7.0
1911.0,Male,32.0,184408.0,38.0,Entertainment,6.0,7.0
1912.0,Female,8.0,59116.0,45.0,Artist,10.0,6.0
1913.0,Female,92.0,174786.0,94.0,Executive,4.0,3.0
1914.0,Male,9.0,71076.0,2.0,Artist,8.0,1.0
1915.0,Female,41.0,56837.0,4.0,Healthcare,8.0,4.0
1916.0,Female,18.0,134752.0,47.0,Engineer,6.0,5.0
1917.0,Female,78.0,112887.0,80.0,Entertainment,9.0,6.0
1918.0,Female,0.0,73128.0,74.0,Artist,7.0,5.0
1919.0,Female,11.0,152765.0,17.0,Healthcare,8.0,1.0
1920.0,Female,36.0,140637.0,19.0,Executive,8.0,7.0
1921.0,Male,46.0,137973.0,50.0,Healthcare,7.0,7.0
1922.0,Female,95.0,126791.0,34.0,Artist,6.0,4.0
1923.0,Female,97.0,75125.0,89.0,Executive,8.0,3.0
1924.0,Male,2.0,101718.0,11.0,Executive,8.0,3.0
1925.0,Female,94.0,69654.0,30.0,Homemaker,4.0,4.0
1926.0,Female,0.0,105935.0,46.0,Doctor,4.0,5.0
1927.0,Male,3.0,74607.0,69.0,Healthcare,6.0,1.0
1928.0,Male,77.0,151985.0,29.0,Healthcare,4.0,7.0
1929.0,Male,70.0,76892.0,64.0,Executive,5.0,2.0
1930.0,Male,58.0,87602.0,25.0,Executive,5.0,3.0
1931.0,Male,72.0,182317.0,46.0,Healthcare,8.0,6.0
1932.0,Male,90.0,158280.0,92.0,Executive,6.0,7.0
1933.0,Female,23.0,59905.0,79.0,,7.0,5.0
1934.0,Female,87.0,128153.0,42.0,Artist,7.0,6.0
1935.0,Male,64.0,142612.0,58.0,Doctor,4.0,6.0
1936.0,Female,15.0,180163.0,9.0,Doctor,10.0,7.0
1937.0,Female,14.0,,17.0,Artist,9.0,3.0
1938.0,Male,54.0,166183.0,65.0,Artist,7.0,6.0
1939.0,Male,76.0,132537.0,44.0,Doctor,5.0,3.0
1940.0,Female,76.0,146308.0,49.0,Artist,5.0,1.0
1941.0,Female,52.0,63454.0,38.0,Artist,5.0,5.0
1942.0,Male,96.0,110519.0,6.0,Artist,9.0,4.0
1943.0,Female,,66728.0,50.0,Healthcare,10.0,5.0
1944.0,Female,54.0,170638.0,64.0,Artist,4.0,5.0
1945.0,Male,19.0,129635.0,100.0,Artist,6.0,4.0
1946.0,Male,29.0,133587.0,74.0,Marketing,5.0,3.0
1947.0,Male,96.0,126225.0,47.0,Engineer,7.0,4.0
1948.0,Female,20.0,148776.0,21.0,Artist,8.0,5.0
1949.0,Female,91.0,142602.0,64.0,Lawyer,7.0,6.0
1950.0,Male,37.0,102413.0,38.0,Healthcare,5.0,5.0
1951.0,Male,42.0,68765.0,69.0,Entertainment,4.0,1.0
1952.0,Male,1.0,57522.0,75.0,Artist,10.0,5.0
1953.0,Female,58.0,149237.0,80.0,Entertainment,8.0,6.0
1954.0,Female,42.0,184844.0,24.0,Entertainment,6.0,1.0
1955.0,Female,48.0,131656.0,45.0,Lawyer,9.0,6.0
1956.0,Female,11.0,181026.0,39.0,Marketing,6.0,2.0
1957.0,Male,59.0,101698.0,87.0,Artist,9.0,3.0
1958.0,Female,45.0,152560.0,32.0,Entertainment,9.0,2.0
1959.0,Male,73.0,142502.0,97.0,Doctor,5.0,1.0
1960.0,Female,85.0,155432.0,21.0,Engineer,4.0,6.0
1961.0,Female,70.0,108544.0,49.0,Entertainment,4.0,5.0
1962.0,Female,52.0,106530.0,46.0,Engineer,7.0,2.0
1963.0,Male,70.0,124359.0,51.0,Homemaker,7.0,7.0
1964.0,Female,88.0,146970.0,90.0,Artist,7.0,6.0
1965.0,Male,61.0,182176.0,96.0,Artist,9.0,5.0
1966.0,Female,46.0,114435.0,34.0,Artist,8.0,3.0
1967.0,Male,65.0,134213.0,32.0,Homemaker,8.0,4.0
1968.0,Female,84.0,115580.0,73.0,Entertainment,8.0,5.0
1969.0,Female,76.0,124034.0,88.0,Executive,10.0,2.0
1970.0,Male,31.0,67894.0,42.0,Doctor,9.0,1.0
1971.0,Male,55.0,107099.0,89.0,Executive,4.0,6.0
1972.0,Male,45.0,140263.0,88.0,Entertainment,10.0,5.0
1973.0,Male,98.0,104249.0,12.0,Engineer,5.0,2.0
1974.0,Male,40.0,168821.0,36.0,Executive,4.0,5.0
1975.0,Female,14.0,153145.0,59.0,Healthcare,8.0,6.0
1976.0,Female,41.0,128960.0,43.0,Executive,9.0,4.0
1977.0,Male,60.0,127438.0,82.0,Engineer,7.0,2.0
1978.0,Male,60.0,125968.0,100.0,Lawyer,8.0,2.0
1979.0,Male,84.0,104589.0,85.0,Artist,10.0,2.0
1980.0,Male,0.0,165321.0,93.0,Doctor,8.0,1.0
1981.0,Female,10.0,86925.0,76.0,Artist,7.0,2.0
1982.0,Female,62.0,149797.0,19.0,Artist,5.0,6.0
1983.0,Male,33.0,137094.0,68.0,Lawyer,4.0,1.0
1984.0,Female,52.0,55395.0,41.0,Marketing,10.0,1.0
1985.0,Female,2.0,153622.0,51.0,Lawyer,6.0,6.0
1986.0,Male,27.0,74050.0,44.0,Entertainment,8.0,1.0
1987.0,Female,4.0,68094.0,61.0,Doctor,4.0,7.0
1988.0,Male,63.0,59244.0,80.0,Artist,7.0,1.0
1989.0,Female,54.0,118944.0,77.0,Artist,4.0,4.0
1990.0,Female,47.0,75293.0,55.0,Doctor,6.0,7.0
1991.0,Female,30.0,166983.0,69.0,Artist,7.0,3.0
1992.0,Female,97.0,129444.0,96.0,Entertainment,5.0,6.0
1993.0,Male,94.0,181183.0,24.0,Marketing,9.0,3.0
1994.0,Female,64.0,175254.0,100.0,Artist,9.0,5.0
1995.0,Female,19.0,54121.0,89.0,Engineer,6.0,3.0
1996.0,Female,71.0,184387.0,40.0,Artist,8.0,7.0
1997.0,Female,91.0,73158.0,32.0,Doctor,7.0,7.0
1998.0,Male,87.0,90961.0,14.0,Healthcare,9.0,2.0
1999.0,Male,77.0,182109.0,4.0,Executive,7.0,2.0
2000.0,Male,90.0,110610.0,52.0,Entertainment,5.0,2.0
1.0,Male,19.0,15000.0,39.0,Healthcare,1.0,4.0
108.0,Male,54.0,78000.0,46.0,Lawyer,1.0,1.0
606.0,Female,3.0,155864.0,31.0,Healthcare,13.0,3.0
